No,insurance_validity,fuel_type,seats,kms_driven,mileage(kmpl),engine(cc),max_power(bhp),torque(Nm),price(in lakhs)
0,2,1,5,24000,20.68,1995.0,1995.0,188.0,23.75
1,2,2,5,18378,16.5,1353.0,1353.0,13808.0,13.56
2,2,2,5,44900,14.67,1798.0,1798.0,17746.0,24.0
3,1,2,5,42000,18.7,1199.0,1199.0,887.0,5.45
4,2,2,5,36739,18.9,1197.0,1197.0,8186.0,5.12
5,2,2,5,76000,15.8,1591.0,1591.0,1213.0,9.3
6,2,1,5,68000,13.5,2987.0,2987.0,25479.0,42.0
7,2,2,5,28783,17.0,1198.0,1198.0,1085.0,8.02
8,2,2,5,40000,17.4,1497.0,1497.0,1176.0,10.95
9,1,1,5,120000,18.88,1995.0,1995.0,184.0,7.45
10,2,2,5,17000,18.15,998.0,998.0,11835.0,10.95
11,2,2,5,26867,18.9,1197.0,1197.0,8186.0,5.78
12,1,2,5,30000,21.0,1197.0,1197.0,8180.0,8.95
13,1,1,5,150000,18.88,1995.0,1995.0,184.0,8.5
14,2,1,5,53000,22.69,1995.0,1995.0,190.0,23.5
15,2,2,5,40000,17.0,1497.0,1497.0,12136.0,7.95
16,2,2,5,48000,14.1,1368.0,1368.0,16077.0,18.95
17,2,1,6,35000,12.4,1996.0,1996.0,21501.0,35.0
18,2,2,5,100525,16.1,1197.0,1197.0,85.0,2.09
19,1,2,5,83000,18.0,1497.0,1497.0,1173.0,6.25
20,2,2,5,40191,998.0,671.0,671.0,90.0,2.12
21,2,1,5,62152,18.53,1968.0,1968.0,18774.0,20.0
22,1,2,5,49000,15.29,1591.0,1591.0,1213.0,8.35
23,2,2,5,56215,21.4,1197.0,1197.0,831.0,5.03
24,2,2,5,53000,17.1,1496.0,1496.0,10594.0,6.95
25,2,1,7,100000,12.55,2982.0,2982.0,1685.0,16.0
26,2,2,5,36346,16.8,1353.0,1353.0,13808.0,15.22
27,2,1,5,48000,13.5,1999.0,1999.0,177.0,26.95
28,2,2,5,42098,18.6,1197.0,1197.0,8186.0,6.7
29,1,1,5,40000,17.1,1956.0,1956.0,170.0,10.75
30,2,1,5,64000,20.68,1995.0,1995.0,188.0,25.5
31,2,2,5,13158,22.56,1197.0,1197.0,8850.0,8.38
32,1,1,5,65400,17.6,1582.0,1582.0,1262.0,10.9
33,1,2,5,100000,17.8,1198.0,1198.0,867.0,3.95
34,2,0,5,30000,26.49,1199.0,1199.0,72.0,7.25
35,2,1,5,62000,1498.0,986.0,986.0,200.0,4.75
36,2,2,4,40000,10.98,1984.0,1984.0,1144.0,11.95
37,2,1,6,35000,12.4,1996.0,1996.0,21501.0,35.0
38,2,2,5,100525,16.1,1197.0,1197.0,85.0,2.09
39,1,2,5,83000,18.0,1497.0,1497.0,1173.0,6.25
40,2,2,5,40191,998.0,671.0,671.0,90.0,2.12
41,2,1,5,62152,18.53,1968.0,1968.0,18774.0,20.0
42,1,2,5,49000,15.29,1591.0,1591.0,1213.0,8.35
43,2,2,5,56215,21.4,1197.0,1197.0,831.0,5.03
44,2,2,5,53000,17.1,1496.0,1496.0,10594.0,6.95
45,2,1,7,100000,12.55,2982.0,2982.0,1685.0,16.0
46,2,2,5,36346,16.8,1353.0,1353.0,13808.0,15.22
47,2,1,5,48000,13.5,1999.0,1999.0,177.0,26.95
48,2,2,5,42098,18.6,1197.0,1197.0,8186.0,6.7
49,1,1,5,40000,17.1,1956.0,1956.0,170.0,10.75
50,2,1,5,64000,20.68,1995.0,1995.0,188.0,25.5
51,2,2,5,13158,22.56,1197.0,1197.0,8850.0,8.38
52,1,1,5,65400,17.6,1582.0,1582.0,1262.0,10.9
53,1,2,5,100000,17.8,1198.0,1198.0,867.0,3.95
54,2,0,5,30000,26.49,1199.0,1199.0,72.0,7.25
55,2,1,5,62000,1498.0,986.0,986.0,200.0,4.75
56,2,2,4,40000,10.98,1984.0,1984.0,1144.0,11.95
57,2,2,5,10280,18.4,1498.0,1498.0,11935.0,16.0
58,2,2,5,17282,21.4,1197.0,1197.0,831.0,5.45
59,1,2,5,30500,14.4,1997.0,1997.0,15189.0,22.95
60,2,1,5,60755,20.8,1493.0,1493.0,11343.0,13.51
61,2,2,5,25000,11.9,1950.0,1950.0,20115.0,40.75
62,2,1,7,47000,15.4,2179.0,2179.0,13678.0,14.5
63,2,2,5,59316,16.2,1353.0,1353.0,138.0,13.99
64,2,2,5,48000,17.1,1496.0,1496.0,1055.0,6.95
65,3,2,5,20000,14.82,1998.0,1998.0,24808.0,65.0
66,1,2,5,12503,22.0,999.0,999.0,67.0,5.15
67,2,2,5,10000,14.3,1368.0,1368.0,16077.0,15.95
68,2,2,5,73717,16.1,1197.0,1197.0,85.0,2.41
69,1,1,7,90000,11.3,2987.0,2987.0,2548.0,32.5
70,2,2,5,17000,17.1,1199.0,1199.0,8850.0,5.95
71,2,2,5,36047,18.9,1197.0,1197.0,82.0,4.32
72,2,0,5,45000,998.0,5833.0,5833.0,78.0,4.45
73,1,1,5,100000,19.3,1248.0,1248.0,739.0,2.0
74,2,2,5,50000,20.36,1197.0,1197.0,789.0,3.45
75,2,2,5,51000,22.0,1197.0,1197.0,8180.0,5.5
76,1,1,7,62000,2179.0,15287.0,15287.0,360.0,8.5
77,2,2,5,10280,18.4,1498.0,1498.0,11935.0,16.0
78,2,2,5,17282,21.4,1197.0,1197.0,831.0,5.45
79,1,2,5,30500,14.4,1997.0,1997.0,15189.0,22.95
80,2,1,5,60755,20.8,1493.0,1493.0,11343.0,13.51
81,2,2,5,25000,11.9,1950.0,1950.0,20115.0,40.75
82,2,1,7,47000,15.4,2179.0,2179.0,13678.0,14.5
83,2,2,5,59316,16.2,1353.0,1353.0,138.0,13.99
84,2,2,5,48000,17.1,1496.0,1496.0,1055.0,6.95
85,3,2,5,20000,14.82,1998.0,1998.0,24808.0,65.0
86,1,2,5,12503,22.0,999.0,999.0,67.0,5.15
87,2,2,5,10000,14.3,1368.0,1368.0,16077.0,15.95
88,2,2,5,73717,16.1,1197.0,1197.0,85.0,2.41
89,1,1,7,90000,11.3,2987.0,2987.0,2548.0,32.5
90,2,2,5,17000,17.1,1199.0,1199.0,8850.0,5.95
91,2,2,5,36047,18.9,1197.0,1197.0,82.0,4.32
92,2,0,5,45000,998.0,5833.0,5833.0,78.0,4.45
93,1,1,5,100000,19.3,1248.0,1248.0,739.0,2.0
94,2,2,5,50000,20.36,1197.0,1197.0,789.0,3.45
95,2,2,5,51000,22.0,1197.0,1197.0,8180.0,5.5
96,1,1,7,62000,2179.0,15287.0,15287.0,360.0,8.5
97,1,2,5,45000,19.16,2494.0,2494.0,1577.0,22.5
98,2,2,5,17041,20.28,998.0,998.0,11841.0,10.49
99,2,1,7,49000,16.0,1997.0,1997.0,140.0,9.25
100,2,2,5,23588,18.27,998.0,998.0,11835.0,9.2
101,2,1,5,50000,17.9,2143.0,2143.0,1341.0,22.0
102,1,1,7,76000,11.36,2755.0,2755.0,1715.0,14.75
103,2,2,5,49341,21.01,1197.0,1197.0,8180.0,5.76
104,2,2,5,56000,18.0,1198.0,1198.0,867.0,3.25
105,2,2,6,12000,12.34,1451.0,1451.0,141.0,21.0
106,2,2,5,51734,17.8,1497.0,1497.0,1173.0,5.72
107,1,2,5,22000,22.0,1197.0,1197.0,8180.0,5.75
108,2,1,5,45084,20.5,1582.0,1582.0,1262.0,9.22
109,1,1,7,20000,15.4,2179.0,2179.0,120.0,11.0
110,2,2,5,29000,17.8,1198.0,1198.0,867.0,4.8
111,2,2,5,16763,18.27,998.0,998.0,11835.0,9.69
112,1,2,5,6000,19.33,1199.0,1199.0,8683.0,6.95
113,1,1,5,60000,2993.0,26149.0,26149.0,620.0,55.0
114,2,1,7,86000,15.1,2179.0,2179.0,140.0,5.45
115,2,2,5,24000,17.1,1199.0,1199.0,8850.0,6.55
116,2,2,5,9000,20.36,1197.0,1197.0,8180.0,7.75
117,1,2,5,45000,19.16,2494.0,2494.0,1577.0,22.5
118,2,2,5,17041,20.28,998.0,998.0,11841.0,10.49
119,2,1,7,49000,16.0,1997.0,1997.0,140.0,9.25
120,2,2,5,23588,18.27,998.0,998.0,11835.0,9.2
121,2,1,5,50000,17.9,2143.0,2143.0,1341.0,22.0
122,1,1,7,76000,11.36,2755.0,2755.0,1715.0,14.75
123,2,2,5,49341,21.01,1197.0,1197.0,8180.0,5.76
124,2,2,5,56000,18.0,1198.0,1198.0,867.0,3.25
125,2,2,6,12000,12.34,1451.0,1451.0,141.0,21.0
126,2,2,5,51734,17.8,1497.0,1497.0,1173.0,5.72
127,1,2,5,22000,22.0,1197.0,1197.0,8180.0,5.75
128,2,1,5,45084,20.5,1582.0,1582.0,1262.0,9.22
129,1,1,7,20000,15.4,2179.0,2179.0,120.0,11.0
130,2,2,5,29000,17.8,1198.0,1198.0,867.0,4.8
131,2,2,5,16763,18.27,998.0,998.0,11835.0,9.69
132,1,2,5,6000,19.33,1199.0,1199.0,8683.0,6.95
133,1,1,5,60000,2993.0,26149.0,26149.0,620.0,55.0
134,2,1,7,86000,15.1,2179.0,2179.0,140.0,5.45
135,2,2,5,24000,17.1,1199.0,1199.0,8850.0,6.55
136,2,2,5,9000,20.36,1197.0,1197.0,8180.0,7.75
137,2,2,7,14900,16.5,1353.0,1353.0,13805.0,16.5
138,2,2,5,17172,20.25,998.0,998.0,11841.0,10.33
139,3,1,5,33000,1950.0,24138.0,24138.0,500.0,78.0
140,1,2,5,38000,25.17,799.0,799.0,533.0,1.85
141,2,2,5,11501,19.33,1199.0,1199.0,8683.0,8.24
142,3,1,5,43703,1950.0,24138.0,24138.0,500.0,82.9
143,2,1,7,29800,2755.0,20115.0,20115.0,500.0,44.0
144,2,2,5,22051,21.01,1197.0,1197.0,8180.0,6.98
145,2,2,5,32965,1197.0,8180.0,8180.0,113.0,5.75
146,2,2,5,96593,1086.0,6805.0,6805.0,9904.0,2.73
147,1,2,5,50000,17.01,1591.0,1591.0,1213.0,6.75
148,2,2,5,15000,14.82,1998.0,1998.0,18908.0,42.0
149,2,2,5,27138,19.01,1199.0,1199.0,8482.0,5.92
150,2,2,5,15000,21.4,1197.0,1197.0,831.0,7.25
151,1,1,4,10000,19.4,2143.0,2143.0,204.0,38.0
152,2,2,7,9000,1997.0,200.0,200.0,380.0,23.45
153,2,2,5,10000,18.2,998.0,998.0,11836.0,10.2
154,2,1,5,70000,18.0,1493.0,1493.0,11343.0,14.95
155,2,1,5,30000,12.6,1950.0,1950.0,194.0,37.5
156,2,2,5,16684,20.25,998.0,998.0,11841.0,11.11
157,2,2,5,30000,2996.0,38487.0,38487.0,520.0,67.0
158,2,2,5,92543,1197.0,8180.0,8180.0,113.0,2.74
159,2,2,7,25000,1999.0,19713.0,19713.0,380.0,24.75
160,2,1,5,59870,21.7,1498.0,1498.0,9896.0,4.95
161,2,2,5,62700,18.6,1197.0,1197.0,8183.0,5.22
162,1,1,5,42132,17.8,1493.0,1493.0,1134.0,14.75
163,1,2,5,32000,15.04,1991.0,1991.0,183.0,25.75
164,2,2,5,58873,19.0,998.0,998.0,661.0,1.82
165,2,2,5,10000,14.99,1498.0,1498.0,1045.0,7.95
166,2,2,5,14069,19.33,1199.0,1199.0,8683.0,8.24
167,1,1,5,100000,1461.0,1085.0,1085.0,248.0,6.0
168,1,1,5,80000,19.01,1461.0,1461.0,10845.0,2.85
169,2,2,5,57453,17.8,1497.0,1497.0,1173.0,6.24
170,2,2,5,66717,1196.0,70.0,70.0,102.0,70000.0
171,1,1,7,40000,11.0,2987.0,2987.0,258.0,43.33
172,3,2,5,16433,1969.0,18740.0,18740.0,300.0,43.75
173,1,2,5,17860,15.71,1998.0,1998.0,189.0,29.9
174,2,1,7,52000,11.36,2755.0,2755.0,1715.0,22.5
175,2,1,5,30000,12.6,1950.0,1950.0,194.0,37.5
176,2,2,5,16684,20.25,998.0,998.0,11841.0,11.11
177,2,2,5,30000,2996.0,38487.0,38487.0,520.0,67.0
178,2,2,5,92543,1197.0,8180.0,8180.0,113.0,2.74
179,2,2,7,25000,1999.0,19713.0,19713.0,380.0,24.75
180,2,1,5,59870,21.7,1498.0,1498.0,9896.0,4.95
181,2,2,5,62700,18.6,1197.0,1197.0,8183.0,5.22
182,1,1,5,42132,17.8,1493.0,1493.0,1134.0,14.75
183,1,2,5,32000,15.04,1991.0,1991.0,183.0,25.75
184,2,2,5,58873,19.0,998.0,998.0,661.0,1.82
185,2,2,5,10000,14.99,1498.0,1498.0,1045.0,7.95
186,2,2,5,14069,19.33,1199.0,1199.0,8683.0,8.24
187,1,1,5,100000,1461.0,1085.0,1085.0,248.0,6.0
188,1,1,5,80000,19.01,1461.0,1461.0,10845.0,2.85
189,2,2,5,57453,17.8,1497.0,1497.0,1173.0,6.24
190,2,2,5,66717,1196.0,70.0,70.0,102.0,70000.0
191,1,1,7,40000,11.0,2987.0,2987.0,258.0,43.33
192,3,2,5,16433,1969.0,18740.0,18740.0,300.0,43.75
193,1,2,5,17860,15.71,1998.0,1998.0,189.0,29.9
194,2,1,7,52000,11.36,2755.0,2755.0,1715.0,22.5
195,2,1,5,27200,13.5,2925.0,2925.0,28161.0,77.0
196,2,2,5,25260,18.9,1197.0,1197.0,82.0,4.37
197,3,1,5,21421,20.37,1995.0,1995.0,18774.0,45.9
198,2,2,5,70215,20.36,1197.0,1197.0,789.0,3.08
199,2,1,6,32900,23.8,1493.0,1493.0,11398.0,20.0
200,1,2,5,40045,11.9,1950.0,1950.0,20115.0,43.9
201,2,2,5,75000,19.0,998.0,998.0,661.0,1.68
202,1,2,5,32325,11.9,1950.0,1950.0,20115.0,44.9
203,1,1,6,68000,12.4,1996.0,1996.0,21501.0,33.0
204,2,2,5,78501,20.7,1197.0,1197.0,8186.0,3.94
205,3,2,7,46853,12.83,1997.0,1997.0,23736.0,45.9
206,2,2,5,27114,21.01,1197.0,1197.0,8180.0,7.18
207,1,2,5,10000,998.0,11841.0,11841.0,172.0,11.7
208,1,2,5,88000,13.0,1591.0,1591.0,1213.0,8.65
209,2,2,5,58382,19.1,1197.0,1197.0,858.0,3.54
210,1,1,5,30000,1995.0,188.0,188.0,400.0,19.5
211,1,2,5,80000,15.0,1598.0,1598.0,1036.0,3.3
212,3,2,5,32628,11.9,1950.0,1950.0,20115.0,41.9
213,2,1,6,35000,12.4,1996.0,1996.0,21501.0,36.0
214,2,2,5,67264,1197.0,82.0,82.0,114.0,3.27
215,3,1,6,17000,16.0,1950.0,1950.0,16092.0,65.0
216,2,0,5,77584,26.6,998.0,998.0,5816.0,2.8
217,2,2,4,50000,7.81,4663.0,4663.0,459.0,98.5
218,1,1,7,70000,15.4,2179.0,2179.0,120.0,9.0
219,2,2,5,71977,1197.0,8180.0,8180.0,113.0,2.94
220,2,2,5,52690,20.89,1197.0,1197.0,8180.0,4.2
221,2,2,5,11900,14.0,1497.0,1497.0,11318.0,18.25
222,2,2,5,53747,18.6,1197.0,1197.0,8183.0,5.77
223,3,1,5,32321,16.55,1995.0,1995.0,1877.0,49.9
224,2,2,5,55485,19.4,1198.0,1198.0,868.0,3.35
225,1,2,6,20000,1451.0,141.0,141.0,250.0,17.5
226,1,2,5,54000,15.8,1997.0,1997.0,247.0,59.75
227,2,2,5,49404,21.4,1197.0,1197.0,831.0,5.44
228,1,1,5,32000,1995.0,188.0,188.0,400.0,18.2
229,1,1,7,100000,10.91,3198.0,3198.0,197.0,22.5
230,1,1,5,32000,1995.0,188.0,188.0,400.0,18.2
231,1,1,5,32000,1995.0,188.0,188.0,400.0,18.2
232,1,1,5,32000,1995.0,188.0,188.0,400.0,18.2
233,2,1,6,35000,12.4,1996.0,1996.0,21501.0,36.0
234,2,2,5,67264,1197.0,82.0,82.0,114.0,3.27
235,3,1,6,17000,16.0,1950.0,1950.0,16092.0,65.0
236,2,0,5,77584,26.6,998.0,998.0,5816.0,2.8
237,2,2,4,50000,7.81,4663.0,4663.0,459.0,98.5
238,1,1,7,70000,15.4,2179.0,2179.0,120.0,9.0
239,2,2,5,71977,1197.0,8180.0,8180.0,113.0,2.94
240,2,2,5,52690,20.89,1197.0,1197.0,8180.0,4.2
241,2,2,5,11900,14.0,1497.0,1497.0,11318.0,18.25
242,2,2,5,53747,18.6,1197.0,1197.0,8183.0,5.77
243,3,1,5,32321,16.55,1995.0,1995.0,1877.0,49.9
244,2,2,5,55485,19.4,1198.0,1198.0,868.0,3.35
245,1,2,6,20000,1451.0,141.0,141.0,250.0,17.5
246,1,2,5,54000,15.8,1997.0,1997.0,247.0,59.75
247,2,2,5,49404,21.4,1197.0,1197.0,831.0,5.44
248,1,1,5,32000,1995.0,188.0,188.0,400.0,18.2
249,1,1,7,100000,10.91,3198.0,3198.0,197.0,22.5
250,1,1,5,32000,1995.0,188.0,188.0,400.0,18.2
251,1,1,5,32000,1995.0,188.0,188.0,400.0,18.2
252,1,1,5,32000,1995.0,188.0,188.0,400.0,18.2
253,2,2,7,8000,1997.0,200.0,200.0,380.0,24.0
254,2,2,5,33841,998.0,671.0,671.0,90.0,3.17
255,1,1,5,32000,1995.0,188.0,188.0,400.0,18.2
256,2,2,5,9246,19.4,999.0,999.0,11398.0,15.62
257,2,2,7,42000,10.75,2694.0,2694.0,1637.0,17.9
258,1,1,5,32000,1995.0,188.0,188.0,400.0,18.2
259,2,1,5,42462,27.28,1047.0,1047.0,69.0,4.3
260,1,1,5,32000,1995.0,188.0,188.0,400.0,18.2
261,1,1,7,30000,12.05,2157.0,2157.0,17849.0,24.75
262,2,2,5,96660,18.5,1197.0,1197.0,8285.0,2.47
263,1,1,5,32000,1995.0,188.0,188.0,400.0,18.2
264,2,2,5,38963,18.9,1197.0,1197.0,82.0,4.13
265,1,2,5,70000,18.5,1197.0,1197.0,805200.0,1.6
266,1,1,5,32000,1995.0,188.0,188.0,400.0,19.5
267,2,2,5,63249,18.9,1197.0,1197.0,8186.0,4.59
268,1,1,5,32000,1995.0,188.0,188.0,400.0,19.5
269,1,2,4,40000,1998.0,18740.0,18740.0,280.0,32.0
270,2,2,7,82000,19.01,1462.0,1462.0,10326.0,7.49
271,2,2,5,38000,20.73,1373.0,1373.0,911.0,6.75
272,1,1,7,40500,14.11,2199.0,2199.0,19726.0,25.25
273,3,1,5,40000,1493.0,9863.0,9863.0,240.0,11.55
274,2,2,5,65170,20.36,1197.0,1197.0,789.0,3.02
275,2,2,5,50000,17.5,1199.0,1199.0,887.0,7.25
276,2,2,5,34838,999.0,6706.0,6706.0,91.0,3.88
277,2,2,5,30466,20.28,998.0,998.0,11841.0,10.5
278,2,1,5,32000,16.1,1950.0,1950.0,1917.0,44.5
279,1,1,5,50000,18.0,1969.0,1969.0,190.0,33.0
280,2,2,5,48946,19.1,1197.0,1197.0,858.0,4.11
281,2,1,5,43498,18.56,1995.0,1995.0,190.0,29.9
282,2,2,4,8744,15.2,1997.0,1997.0,150.0,16.01
283,1,1,5,30000,1493.0,986.0,986.0,24026.0,7.8
284,2,2,7,72000,12.81,1997.0,1997.0,23736.0,32.5
285,2,2,5,71361,18.6,1197.0,1197.0,8183.0,5.52
286,2,1,5,60500,20.68,1995.0,1995.0,188.0,19.95
287,1,2,5,30000,14.11,1984.0,1984.0,2413.0,49.5
288,2,1,5,64000,21.7,1498.0,1498.0,9896.0,7.99
289,2,2,5,26000,11.9,1595.0,1595.0,1207.0,12.45
290,2,2,5,60000,14.7,1496.0,1496.0,12069.0,6.49
291,3,1,5,40000,1493.0,9863.0,9863.0,240.0,11.55
292,2,2,5,65170,20.36,1197.0,1197.0,789.0,3.02
293,2,2,5,50000,17.5,1199.0,1199.0,887.0,7.25
294,2,2,5,34838,999.0,6706.0,6706.0,91.0,3.88
295,2,2,7,72000,12.81,1997.0,1997.0,23736.0,49.5
296,2,2,5,30466,20.28,998.0,998.0,11841.0,10.5
297,2,1,5,32000,16.1,1950.0,1950.0,1917.0,44.5
298,1,1,5,50000,18.0,1969.0,1969.0,190.0,33.0
299,2,2,5,48946,19.1,1197.0,1197.0,858.0,4.11
300,2,1,5,43498,18.56,1995.0,1995.0,190.0,29.9
301,2,2,4,8744,15.2,1997.0,1997.0,150.0,16.01
302,1,1,5,30000,1493.0,986.0,986.0,24026.0,7.8
303,2,2,7,72000,12.81,1997.0,1997.0,23736.0,32.5
304,2,2,5,71361,18.6,1197.0,1197.0,8183.0,5.52
305,2,1,5,60500,20.68,1995.0,1995.0,188.0,19.95
306,1,2,5,30000,14.11,1984.0,1984.0,2413.0,49.5
307,2,1,5,64000,21.7,1498.0,1498.0,9896.0,7.99
308,2,2,5,26000,11.9,1595.0,1595.0,1207.0,12.45
309,2,2,5,60000,14.7,1496.0,1496.0,12069.0,6.49
310,2,2,5,28000,1984.0,18774.0,18774.0,320.0,26.5
311,2,2,5,89002,17.5,1197.0,1197.0,858.0,2.37
312,2,2,5,36937,21.4,1197.0,1197.0,831.0,6.4
313,1,1,7,42000,13.68,2393.0,2393.0,14751.0,18.75
314,2,1,5,55000,20.37,1995.0,1995.0,18774.0,41.5
315,2,2,5,70391,21.01,1197.0,1197.0,8180.0,5.12
316,1,2,5,56000,16.3,1797.0,1797.0,1475.0,4.95
317,2,2,5,52190,18.9,1197.0,1197.0,82.0,4.31
318,1,1,5,40000,11.78,2143.0,2143.0,16762.0,9.99
319,2,1,5,72000,20.38,1968.0,1968.0,143.0,20.0
320,2,2,5,48173,998.0,671.0,671.0,90.0,2.88
321,1,2,5,110000,12.05,1995.0,1995.0,154.0,7.3
322,1,2,5,50000,16.8,1497.0,1497.0,1163.0,3.39
323,1,1,5,44132,17.9,2143.0,2143.0,1341.0,26.9
324,1,2,5,90000,17.4,1497.0,1497.0,1173.0,4.75
325,2,1,7,49000,12.4,1996.0,1996.0,16762.0,33.5
326,2,2,5,28000,1984.0,18774.0,18774.0,320.0,26.5
327,2,2,5,89002,17.5,1197.0,1197.0,858.0,2.37
328,2,2,5,28194,18.27,998.0,998.0,11835.0,9.03
329,2,2,5,34500,15.01,1998.0,1998.0,24808.0,52.0
330,3,1,5,50605,16.1,1950.0,1950.0,1917.0,39.9
331,2,2,5,36937,21.4,1197.0,1197.0,831.0,6.4
332,1,1,7,42000,13.68,2393.0,2393.0,14751.0,18.75
333,2,1,5,55000,20.37,1995.0,1995.0,18774.0,41.5
334,2,2,5,70391,21.01,1197.0,1197.0,8180.0,5.12
335,1,2,5,56000,16.3,1797.0,1797.0,1475.0,4.95
336,2,2,5,52190,18.9,1197.0,1197.0,82.0,4.31
337,1,1,5,40000,11.78,2143.0,2143.0,16762.0,9.99
338,2,1,5,72000,20.38,1968.0,1968.0,143.0,20.0
339,2,2,5,48173,998.0,671.0,671.0,90.0,2.88
340,1,2,5,110000,12.05,1995.0,1995.0,154.0,7.3
341,1,2,5,50000,16.8,1497.0,1497.0,1163.0,3.39
342,1,1,5,44132,17.9,2143.0,2143.0,1341.0,26.9
343,1,2,5,90000,17.4,1497.0,1497.0,1173.0,4.75
344,2,1,7,49000,12.4,1996.0,1996.0,16762.0,33.5
345,2,1,7,70000,12.07,2967.0,2967.0,2414.0,40.0
346,2,2,5,49341,15.29,1591.0,1591.0,1213.0,8.42
347,2,1,7,55000,13.8,2999.0,2999.0,175.0,18.95
348,2,1,5,55861,22.1,1396.0,1396.0,887.0,10.27
349,1,2,7,76000,9.17,2995.0,2995.0,33525.0,49.5
350,2,1,7,68000,13.68,2393.0,2393.0,14751.0,14.25
351,2,2,5,52565,17.8,1198.0,1198.0,867.0,4.17
352,2,1,5,72000,18.0,1969.0,1969.0,190.0,29.55
353,2,1,7,70000,14.75,2967.0,2967.0,245.0,40.0
354,2,2,5,73074,18.9,1197.0,1197.0,8186.0,4.93
355,1,1,5,45000,16.35,1956.0,1956.0,16767.0,13.75
356,2,2,5,90995,1197.0,82.0,82.0,114.0,3.35
357,1,2,5,30000,23.01,999.0,999.0,67.0,3.35
358,1,1,5,80000,1498.0,986.0,986.0,200.0,4.75
359,1,2,5,42346,20.51,998.0,998.0,6704.0,3.01
360,2,2,5,31120,18.0,1497.0,1497.0,1176.0,11.5
361,1,1,5,100000,22.32,1582.0,1582.0,12632.0,3.95
362,1,2,5,33500,17.8,1496.0,1496.0,1055.0,7.5
363,2,0,5,64000,1197.0,82.0,82.0,114.0,4.25
364,1,2,5,110000,1497.0,1186600.0,1186600.0,1464800.0,3.5
365,2,1,7,70000,12.07,2967.0,2967.0,2414.0,40.0
366,2,2,5,49341,15.29,1591.0,1591.0,1213.0,8.42
367,2,1,7,55000,13.8,2999.0,2999.0,175.0,18.95
368,2,1,5,55861,22.1,1396.0,1396.0,887.0,10.27
369,1,2,7,76000,9.17,2995.0,2995.0,33525.0,49.5
370,2,1,7,68000,13.68,2393.0,2393.0,14751.0,14.25
371,2,2,5,52565,17.8,1198.0,1198.0,867.0,4.17
372,2,1,5,72000,18.0,1969.0,1969.0,190.0,29.55
373,2,1,7,70000,14.75,2967.0,2967.0,245.0,40.0
374,2,2,5,73074,18.9,1197.0,1197.0,8186.0,4.93
375,1,1,5,45000,16.35,1956.0,1956.0,16767.0,13.75
376,2,2,5,90995,1197.0,82.0,82.0,114.0,3.35
377,1,2,5,30000,23.01,999.0,999.0,67.0,3.35
378,1,1,5,80000,1498.0,986.0,986.0,200.0,4.75
379,1,2,5,42346,20.51,998.0,998.0,6704.0,3.01
380,2,2,5,31120,18.0,1497.0,1497.0,1176.0,11.5
381,1,1,5,100000,22.32,1582.0,1582.0,12632.0,3.95
382,1,2,5,33500,17.8,1496.0,1496.0,1055.0,7.5
383,2,0,5,64000,1197.0,82.0,82.0,114.0,4.25
384,1,2,5,110000,1497.0,1186600.0,1186600.0,1464800.0,3.5
385,2,2,4,4000,11.86,2998.0,2998.0,33525.0,1.25
386,2,2,5,48936,19.0,998.0,998.0,661.0,2.34
387,2,2,7,23000,10.2,2360.0,2360.0,16494.0,19.5
388,2,2,5,61814,21.4,1197.0,1197.0,831.0,5.27
389,3,1,5,62000,13.38,2993.0,2993.0,26150.0,47.98
390,1,2,5,40000,17.21,1197.0,1197.0,1035.0,10.0
391,2,2,5,30200,18.27,998.0,998.0,11835.0,9.25
392,1,2,5,34123,14.67,1798.0,1798.0,17746.0,30.5
393,2,2,5,16000,2996.0,38487.0,38487.0,520.0,83.0
394,2,1,5,28645,24.3,1248.0,1248.0,885.0,7.71
395,2,1,5,48933,17.11,1968.0,1968.0,17433.0,15.75
396,2,2,5,60970,13.0,1591.0,1591.0,1213.0,9.4
397,1,2,5,50000,13.0,1591.0,1591.0,1213.0,7.75
398,1,1,7,56000,14.24,2755.0,2755.0,1745.0,27.5
399,2,2,5,40427,18.9,1197.0,1197.0,8186.0,5.36
400,1,2,5,54213,20.73,1373.0,1373.0,911.0,7.9
401,1,1,7,20000,1996.0,16762.0,16762.0,420.0,32.0
402,1,2,5,85000,14.53,1798.0,1798.0,1381.0,2.75
403,2,1,8,91000,13.68,2393.0,2393.0,14751.0,12.0
404,1,2,5,47000,18.9,1197.0,1197.0,82.0,3.85
405,2,2,5,54630,18.0,1497.0,1497.0,1173.0,6.86
406,2,1,7,72222,14.75,2967.0,2967.0,245.0,34.9
407,2,2,5,41116,18.0,1497.0,1497.0,1176.0,10.39
408,3,2,5,4000,12.65,1997.0,1997.0,29636.0,1.1
409,2,2,5,20000,9.43,1999.0,1999.0,2374.0,69.0
410,2,2,5,29502,19.33,1199.0,1199.0,8683.0,7.56
411,2,1,5,132501,15.97,2993.0,2993.0,258.0,12.21
412,2,1,5,35000,13.0,2143.0,2143.0,204.0,23.9
413,2,1,5,56458,25.5,1498.0,1498.0,986.0,5.71
414,2,2,5,50000,19.12,1373.0,1373.0,911.0,7.25
415,2,2,5,61657,21.4,1197.0,1197.0,831.0,5.93
416,1,2,5,50000,18.0,1497.0,1497.0,1173.0,6.5
417,1,2,5,67000,20.73,1373.0,1373.0,911.0,6.25
418,2,2,5,104948,18.6,1197.0,1197.0,8183.0,4.61
419,2,2,5,20000,9.43,1999.0,1999.0,2374.0,52.0
420,1,2,5,10000,17.0,1497.0,1497.0,11342.0,15.21
421,2,1,5,154000,11.74,2987.0,2987.0,2548.0,17.5
422,2,2,5,46000,19.16,2494.0,2494.0,1577.0,20.5
423,2,2,5,90000,1497.0,1173.0,1173.0,145.0,5.65
424,1,2,5,47000,18.9,1197.0,1197.0,82.0,3.85
425,2,2,5,54630,18.0,1497.0,1497.0,1173.0,6.86
426,2,1,7,72222,14.75,2967.0,2967.0,245.0,34.9
427,2,2,5,41116,18.0,1497.0,1497.0,1176.0,10.39
428,3,2,5,4000,12.65,1997.0,1997.0,29636.0,1.1
429,2,2,5,20000,9.43,1999.0,1999.0,2374.0,69.0
430,2,2,5,29502,19.33,1199.0,1199.0,8683.0,7.56
431,2,1,5,132501,15.97,2993.0,2993.0,258.0,12.21
432,2,1,5,35000,13.0,2143.0,2143.0,204.0,23.9
433,2,1,5,56458,25.5,1498.0,1498.0,986.0,5.71
434,2,2,5,50000,19.12,1373.0,1373.0,911.0,7.25
435,2,2,5,61657,21.4,1197.0,1197.0,831.0,5.93
436,1,2,5,50000,18.0,1497.0,1497.0,1173.0,6.5
437,1,2,5,67000,20.73,1373.0,1373.0,911.0,6.25
438,2,2,5,104948,18.6,1197.0,1197.0,8183.0,4.61
439,2,2,5,20000,9.43,1999.0,1999.0,2374.0,52.0
440,1,2,5,10000,17.0,1497.0,1497.0,11342.0,15.21
441,2,1,5,154000,11.74,2987.0,2987.0,2548.0,17.5
442,2,2,5,46000,19.16,2494.0,2494.0,1577.0,20.5
443,2,2,5,90000,1497.0,1173.0,1173.0,145.0,5.65
444,2,1,5,39000,20.38,1968.0,1968.0,143.0,22.5
445,2,2,5,64727,13.0,1591.0,1591.0,1213.0,9.87
446,1,1,5,65000,21.19,1396.0,1396.0,8873.0,6.5
447,1,2,5,44636,19.4,1198.0,1198.0,868.0,2.63
448,2,1,7,100000,12.55,2982.0,2982.0,1685.0,15.5
449,3,1,5,23616,12.6,1950.0,1950.0,194.0,43.9
450,2,2,5,107682,19.1,1197.0,1197.0,82.0,3.39
451,1,2,5,9500,1991.0,30173.0,30173.0,400.0,56.5
452,2,2,7,47500,12.81,1997.0,1997.0,23736.0,43.0
453,2,2,5,101914,16.47,1198.0,1198.0,739.0,2.59
454,2,2,5,620,1197.0,8180.0,8180.0,1138.0,6.65
455,2,2,5,45507,21.01,1197.0,1197.0,8180.0,6.49
456,2,1,4,58000,16.77,2967.0,2967.0,24674.0,29.75
457,2,1,5,7000,2925.0,28161.0,28161.0,600.0,1.55
458,2,2,5,74095,16.5,1499.0,1499.0,110.0,5.37
460,2,2,4,40000,7.81,4663.0,4663.0,459.0,1.09
461,2,2,5,77684,796.0,463.0,463.0,62.0,1.54
462,1,2,5,22900,13.47,1984.0,1984.0,24559.0,54.8
463,1,1,5,10000,147.51,320.0,320.0,17.0,42.0
464,2,1,7,19000,2925.0,3258640000000.0,3258640000000.0,700.0,1.15
465,2,2,5,74846,18.9,1197.0,1197.0,82.0,3.1
466,2,2,5,4500,22.35,1197.0,1197.0,8850.0,7.55
467,2,2,5,97722,18.5,1197.0,1197.0,805200.0,2.27
468,1,2,5,9000,12.1,1998.0,1998.0,26530.0,70.0
469,1,2,5,19000,8.9,2999.0,2999.0,435.0,78.99
470,2,2,5,79683,18.0,1497.0,1497.0,1173.0,6.35
471,2,2,5,26000,22.61,1197.0,1197.0,8850.0,7.95
472,1,1,5,70000,20.68,1995.0,1995.0,188.0,15.5
473,2,2,5,85540,16.5,1353.0,1353.0,13808.0,13.86
474,1,2,5,10000,1197.0,12873.0,12873.0,230.0,11.7
475,2,2,5,50170,21.01,1197.0,1197.0,8180.0,6.87
476,2,1,7,44000,13.38,2993.0,2993.0,26150.0,98.5
477,2,1,5,4000,12.6,1950.0,1950.0,194.0,56.75
478,2,2,5,37163,998.0,671.0,671.0,90.0,3.18
479,1,2,5,21003,1451.0,141.0,141.0,250.0,18.75
480,2,1,5,49000,16.55,1995.0,1995.0,1877.0,39.0
481,2,2,5,89057,16.98,998.0,998.0,661.0,2.26
482,2,2,5,12000,11.9,1950.0,1950.0,20115.0,44.5
483,2,2,5,11000,18.76,1462.0,1462.0,10326.0,9.99
484,2,1,7,19000,2925.0,3258640000000.0,3258640000000.0,700.0,1.15
485,2,2,5,74846,18.9,1197.0,1197.0,82.0,3.1
486,2,2,5,4500,22.35,1197.0,1197.0,8850.0,7.55
487,2,2,5,97722,18.5,1197.0,1197.0,805200.0,2.27
488,1,2,5,9000,12.1,1998.0,1998.0,26530.0,70.0
489,1,2,5,19000,8.9,2999.0,2999.0,435.0,78.99
490,2,2,5,79683,18.0,1497.0,1497.0,1173.0,6.35
491,2,2,5,26000,22.61,1197.0,1197.0,8850.0,7.95
492,1,1,5,70000,20.68,1995.0,1995.0,188.0,15.5
493,2,2,5,85540,16.5,1353.0,1353.0,13808.0,13.86
494,1,2,5,10000,1197.0,12873.0,12873.0,230.0,11.7
495,2,2,5,50170,21.01,1197.0,1197.0,8180.0,6.87
496,2,1,7,44000,13.38,2993.0,2993.0,26150.0,98.5
497,2,1,5,4000,12.6,1950.0,1950.0,194.0,56.75
498,2,2,5,37163,998.0,671.0,671.0,90.0,3.18
499,1,2,5,21003,1451.0,141.0,141.0,250.0,18.75
500,2,1,5,49000,16.55,1995.0,1995.0,1877.0,39.0
501,2,2,5,89057,16.98,998.0,998.0,661.0,2.26
502,2,2,5,12000,11.9,1950.0,1950.0,20115.0,44.5
503,2,2,5,11000,18.76,1462.0,1462.0,10326.0,9.99
504,2,2,5,72692,17.8,1497.0,1497.0,1173.0,6.85
505,2,2,5,47463,15.63,1499.0,1499.0,1104.0,6.33
506,3,2,5,7651,12.74,1991.0,1991.0,197.0,61.0
507,2,2,5,69348,17.8,1497.0,1497.0,1173.0,6.19
508,2,1,5,40000,14.47,2993.0,2993.0,30173.0,32.5
509,2,2,5,18000,15.8,1997.0,1997.0,247.0,80.0
511,1,0,5,40000,11.88,1086.0,1086.0,621.0,2.1
512,2,1,7,84000,11.0,2987.0,2987.0,258.0,46.21
513,2,2,5,62411,998.0,671.0,671.0,90.0,2.9
514,1,2,5,22711,19.89,1462.0,1462.0,10165.0,11.35
515,2,2,5,90576,18.9,1197.0,1197.0,82.0,3.37
516,2,1,5,44000,17.0,2987.0,2987.0,2548.0,44.0
517,2,2,5,49000,1197.0,8180.0,8180.0,113.0,4.25
518,2,2,5,40678,18.27,998.0,998.0,11835.0,9.24
519,2,2,5,32000,998.0,6704.0,6704.0,90.0,2.2
520,2,2,7,27500,19.01,1462.0,1462.0,10326.0,10.5
521,2,2,5,92539,18.6,1197.0,1197.0,8183.0,5.28
522,2,2,5,21000,15.3,1998.0,1998.0,25479.0,48.0
523,2,2,5,6000,21.4,1197.0,1197.0,831.0,6.95
524,2,2,5,72692,17.8,1497.0,1497.0,1173.0,6.85
525,2,2,5,47463,15.63,1499.0,1499.0,1104.0,6.33
526,3,2,5,7651,12.74,1991.0,1991.0,197.0,61.0
527,2,2,5,69348,17.8,1497.0,1497.0,1173.0,6.19
528,2,1,5,40000,14.47,2993.0,2993.0,30173.0,32.5
529,2,2,5,18000,15.8,1997.0,1997.0,247.0,80.0
531,1,0,5,40000,11.88,1086.0,1086.0,621.0,2.1
532,2,1,7,84000,11.0,2987.0,2987.0,258.0,46.21
533,2,2,5,62411,998.0,671.0,671.0,90.0,2.9
534,1,2,5,22711,19.89,1462.0,1462.0,10165.0,11.35
535,2,2,5,90576,18.9,1197.0,1197.0,82.0,3.37
536,2,1,5,44000,17.0,2987.0,2987.0,2548.0,44.0
537,2,2,5,49000,1197.0,8180.0,8180.0,113.0,4.25
538,2,2,5,40678,18.27,998.0,998.0,11835.0,9.24
539,2,2,5,32000,998.0,6704.0,6704.0,90.0,2.2
540,2,2,7,27500,19.01,1462.0,1462.0,10326.0,10.5
541,2,2,5,92539,18.6,1197.0,1197.0,8183.0,5.28
542,2,2,5,21000,15.3,1998.0,1998.0,25479.0,48.0
543,2,2,5,6000,21.4,1197.0,1197.0,831.0,6.95
544,2,2,7,5000,1999.0,19713.0,19713.0,380.0,26.5
545,2,2,5,16570,23.84,1199.0,1199.0,8383.0,5.23
546,2,2,5,11000,21.79,998.0,998.0,6705.0,5.75
547,2,2,5,39791,17.5,1199.0,1199.0,887.0,6.92
548,2,1,7,138000,16.0,2179.0,2179.0,140.0,6.95
549,2,2,5,3000,8.13,3982.0,3982.0,57663.0,4.0
550,2,2,5,94176,1197.0,8850.0,8850.0,113.0,2.67
551,2,2,5,11000,12.5,3604.0,3604.0,420.0,1.47
552,2,2,5,30000,16.1,1353.0,1353.0,138.0,13.25
553,2,2,5,49594,18.47,1498.0,1498.0,14751.0,13.37
554,2,2,5,60000,16.47,1198.0,1198.0,739.0,2.7
555,2,2,5,76441,19.4,1198.0,1198.0,868.0,3.26
556,1,1,5,75000,11.74,2987.0,2987.0,2548.0,17.75
557,2,2,5,53000,21.79,998.0,998.0,6705.0,3.95
558,2,2,5,56572,15.29,1591.0,1591.0,1213.0,9.31
559,2,2,5,27210,21.01,1197.0,1197.0,8180.0,6.0
560,2,2,5,56000,9.7,2996.0,2996.0,32855.0,45.75
561,2,2,5,62677,18.6,1197.0,1197.0,8183.0,4.92
562,2,2,5,18000,22.35,1197.0,1197.0,8850.0,7.5
563,2,1,5,35000,20.37,1995.0,1995.0,18774.0,45.0
564,2,2,7,5000,1999.0,19713.0,19713.0,380.0,26.5
565,2,2,5,16570,23.84,1199.0,1199.0,8383.0,5.23
566,2,2,5,11000,21.79,998.0,998.0,6705.0,5.75
567,2,2,5,39791,17.5,1199.0,1199.0,887.0,6.92
568,2,1,7,138000,16.0,2179.0,2179.0,140.0,6.95
569,2,2,5,3000,8.13,3982.0,3982.0,57663.0,4.0
570,2,2,5,94176,1197.0,8850.0,8850.0,113.0,2.67
571,2,2,5,11000,12.5,3604.0,3604.0,420.0,1.47
572,2,2,5,30000,16.1,1353.0,1353.0,138.0,13.25
573,2,2,5,49594,18.47,1498.0,1498.0,14751.0,13.37
574,2,2,5,60000,16.47,1198.0,1198.0,739.0,2.7
575,2,2,5,76441,19.4,1198.0,1198.0,868.0,3.26
576,1,1,5,75000,11.74,2987.0,2987.0,2548.0,17.75
577,2,2,5,53000,21.79,998.0,998.0,6705.0,3.95
578,2,2,5,56572,15.29,1591.0,1591.0,1213.0,9.31
579,2,2,5,27210,21.01,1197.0,1197.0,8180.0,6.0
580,2,2,5,56000,9.7,2996.0,2996.0,32855.0,45.75
581,2,2,5,62677,18.6,1197.0,1197.0,8183.0,4.92
582,2,2,5,18000,22.35,1197.0,1197.0,8850.0,7.5
583,2,1,5,35000,20.37,1995.0,1995.0,18774.0,45.0
584,2,1,5,38000,13.38,2993.0,2993.0,26150.0,46.21
585,2,1,5,109495,20.37,1461.0,1461.0,10849.0,6.53
587,1,1,5,43600,17.11,1968.0,1968.0,17433.0,11.9
588,2,1,5,30000,12.6,1950.0,1950.0,194.0,37.5
589,2,1,5,45240,25.1,1248.0,1248.0,885.0,7.34
590,2,2,5,3600,22.5,999.0,999.0,67.0,3.45
591,2,1,5,36000,8.13,2925.0,2925.0,28161.0,2.05
592,2,2,5,59090,21.01,1197.0,1197.0,8180.0,6.42
593,2,1,5,126000,15.73,1968.0,1968.0,17433.0,6.5
594,2,2,5,70717,18.9,1197.0,1197.0,82.0,3.86
595,2,2,5,65000,7.81,5461.0,5461.0,3629.0,47.5
596,2,2,5,73086,17.4,1497.0,1497.0,1173.0,3.75
597,2,2,5,51690,17.33,1199.0,1199.0,11835.0,8.52
598,2,1,5,49000,20.68,1995.0,1995.0,188.0,19.45
599,2,2,5,25000,15.0,1991.0,1991.0,1944.0,49.75
600,2,2,5,23592,20.3,1086.0,1086.0,68.0,4.71
601,2,2,5,69000,17.4,1497.0,1497.0,1173.0,4.9
602,2,2,5,70000,14.8,1591.0,1591.0,1213.0,7.95
603,2,2,5,3500,2999.0,36207.0,36207.0,500.0,1.78
604,2,2,5,64155,19.4,1198.0,1198.0,868.0,3.18
605,2,1,5,38000,20.0,2143.0,2143.0,1073.0,17.49
606,2,2,5,68018,20.14,1197.0,1197.0,8186.0,4.12
607,2,2,5,14000,19.39,1462.0,1462.0,10164.0,19.9
608,2,2,5,29846,17.5,1199.0,1199.0,887.0,7.6
609,2,2,5,26092,23.84,1199.0,1199.0,8383.0,4.5
610,2,2,5,50823,1197.0,8180.0,8180.0,113.0,5.5
611,1,2,5,5200,10.31,2998.0,2998.0,33525.0,69.75
612,2,1,7,36050,17.3,1497.0,1497.0,121.0,8.99
613,2,2,5,90932,18.0,1497.0,1497.0,1176.0,7.86
614,2,1,5,53000,14.6,1956.0,1956.0,16767.0,20.0
615,3,1,5,11848,12.6,1950.0,1950.0,194.0,39.9
616,2,2,7,73580,17.3,1497.0,1497.0,1173.0,4.66
617,2,2,5,22600,16.0,1368.0,1368.0,160.0,14.9
618,2,1,5,36000,18.25,1968.0,1968.0,18774.0,27.5
619,2,1,5,44275,1497.0,8877.0,8877.0,200.0,6.2
620,2,2,5,52000,18.6,1197.0,1197.0,8186.0,6.25
621,1,1,5,30000,1995.0,188.0,188.0,400.0,18.2
622,2,1,7,26000,14.08,1956.0,1956.0,16767.0,20.0
623,2,2,5,45239,20.73,1373.0,1373.0,911.0,6.33
624,2,2,5,51000,13.7,1991.0,1991.0,183.0,21.0
625,2,1,5,102973,24.3,1248.0,1248.0,885.0,7.99
626,2,1,5,87000,18.53,1968.0,1968.0,18774.0,19.0
627,1,2,5,40000,19.1,1197.0,1197.0,858.0,3.7
628,2,2,5,63952,18.9,1197.0,1197.0,82.0,3.55
629,2,1,7,58000,15.1,2179.0,2179.0,15287.0,12.0
630,2,2,5,7000,9.8,2995.0,2995.0,340.0,1.12
631,2,2,5,46310,17.0,1198.0,1198.0,1085.0,8.74
632,2,2,6,42000,11.67,1451.0,1451.0,141.0,16.0
633,2,2,5,94498,17.8,1497.0,1497.0,1173.0,5.81
634,2,2,5,9300,11.2,1969.0,1969.0,250.0,66.0
635,2,1,5,37000,13.38,2993.0,2993.0,26150.0,71.99
636,2,1,5,144234,25.5,1498.0,1498.0,986.0,5.52
637,2,2,5,48000,20.85,1197.0,1197.0,8314.0,5.1
638,2,2,5,19000,15.8,1997.0,1997.0,24674.0,80.0
639,2,2,5,114658,18.6,1197.0,1197.0,8183.0,5.21
640,2,1,5,71000,17.11,1968.0,1968.0,17433.0,12.65
641,2,2,5,8000,1197.0,8850.0,8850.0,113.0,5.95
642,2,1,7,26000,14.08,1956.0,1956.0,16767.0,20.0
643,2,2,5,45239,20.73,1373.0,1373.0,911.0,6.33
644,2,2,5,51000,13.7,1991.0,1991.0,183.0,21.0
645,2,1,5,102973,24.3,1248.0,1248.0,885.0,7.99
646,2,1,5,87000,18.53,1968.0,1968.0,18774.0,19.0
647,1,2,5,40000,19.1,1197.0,1197.0,858.0,3.7
648,2,2,5,63952,18.9,1197.0,1197.0,82.0,3.55
649,2,1,7,58000,15.1,2179.0,2179.0,15287.0,12.0
650,2,2,5,7000,9.8,2995.0,2995.0,340.0,1.12
651,2,2,5,46310,17.0,1198.0,1198.0,1085.0,8.74
652,2,2,6,42000,11.67,1451.0,1451.0,141.0,16.0
653,2,2,5,94498,17.8,1497.0,1497.0,1173.0,5.81
654,2,2,5,9300,11.2,1969.0,1969.0,250.0,66.0
655,2,1,5,37000,13.38,2993.0,2993.0,26150.0,71.99
656,2,1,5,144234,25.5,1498.0,1498.0,986.0,5.52
657,2,2,5,48000,20.85,1197.0,1197.0,8314.0,5.1
658,2,2,5,19000,15.8,1997.0,1997.0,24674.0,80.0
659,2,2,5,114658,18.6,1197.0,1197.0,8183.0,5.21
660,2,1,5,71000,17.11,1968.0,1968.0,17433.0,12.65
661,2,2,5,8000,1197.0,8850.0,8850.0,113.0,5.95
662,2,1,5,28000,16.55,1995.0,1995.0,1877.0,39.9
663,2,2,5,38616,17.5,1199.0,1199.0,887.0,7.41
664,2,2,5,30000,15.1,1798.0,1798.0,178.0,21.5
665,2,2,5,33093,18.6,1197.0,1197.0,8183.0,6.81
666,2,1,5,33000,17.05,1995.0,1995.0,184.0,29.0
667,2,1,7,57000,11.36,2755.0,2755.0,1715.0,17.5
668,2,1,5,75206,19.87,1461.0,1461.0,838.0,6.49
669,1,2,5,40000,16.0,1368.0,1368.0,160.0,15.0
670,1,1,5,42000,17.9,2143.0,2143.0,136.0,17.6
671,2,2,5,96241,18.9,1197.0,1197.0,82.0,3.77
672,2,0,7,34214,26.11,1462.0,1462.0,8663.0,12.75
673,2,2,5,55818,20.73,1373.0,1373.0,911.0,6.61
674,2,2,5,80000,15.8,1997.0,1997.0,24674.0,68.0
675,1,0,5,40000,26.6,998.0,998.0,5816.0,4.0
676,2,2,5,70516,998.0,671.0,671.0,90.0,3.11
677,2,2,5,48000,20.52,1197.0,1197.0,8180.0,5.75
678,1,1,5,94000,20.37,1995.0,1995.0,18774.0,16.9
679,2,2,5,80627,15.29,1591.0,1591.0,1213.0,8.16
680,2,2,5,49000,14.3,1598.0,1598.0,10352.0,5.25
681,1,1,5,32000,1995.0,188.0,188.0,400.0,18.2
682,2,2,5,19000,18.8,3456.0,3456.0,25881.0,82.0
683,2,2,5,53311,17.5,1199.0,1199.0,887.0,6.75
684,2,2,5,70000,18.6,1197.0,1197.0,8186.0,5.85
685,2,2,5,108836,18.6,1197.0,1197.0,8183.0,4.49
686,2,1,5,40000,15.97,2993.0,2993.0,258.0,42.5
687,1,1,5,120000,24.3,1248.0,1248.0,885.0,6.0
688,2,2,5,44525,19.12,1373.0,1373.0,911.0,6.93
689,1,1,5,31500,1995.0,188.0,188.0,400.0,19.5
690,2,1,5,80000,15.97,2993.0,2993.0,258.0,26.5
691,2,2,5,64862,17.5,1199.0,1199.0,887.0,6.07
692,1,2,5,100000,16.8,1497.0,1497.0,1163.0,2.95
693,2,2,5,63839,21.4,1197.0,1197.0,831.0,5.59
694,2,2,5,14000,2996.0,38487.0,38487.0,520.0,81.9
695,1,2,5,50000,18.9,1197.0,1197.0,82.0,3.75
696,2,1,5,113820,20.0,1497.0,1497.0,115.0,7.89
697,1,1,5,110000,28.09,1248.0,1248.0,885.0,5.0
698,1,2,5,31000,15.8,1591.0,1591.0,1213.0,8.65
699,2,1,5,97610,28.4,1248.0,1248.0,7402.0,5.64
700,2,2,5,44000,17.5,1498.0,1498.0,996.0,6.25
701,1,1,5,34496,12.6,1950.0,1950.0,194.0,39.0
702,1,1,7,16000,2925.0,3258640000000.0,3258640000000.0,700.0,1.32
703,2,2,5,75163,21.4,1197.0,1197.0,831.0,5.14
704,1,2,5,6900,20.65,1462.0,1462.0,10325.0,10.25
705,2,2,5,89961,18.0,1198.0,1198.0,867.0,3.74
706,2,1,5,4000,19.62,1995.0,1995.0,18740.0,54.0
707,2,1,5,54000,14.6,1956.0,1956.0,16767.0,17.5
708,2,2,5,58740,21.21,1197.0,1197.0,8180.0,5.99
709,1,1,7,100000,11.36,2755.0,2755.0,1715.0,15.5
710,2,2,5,18700,15.8,1997.0,1997.0,24674.0,83.0
711,2,2,5,83690,17.8,1198.0,1198.0,867.0,4.54
712,1,2,5,11000,15.0,1991.0,1991.0,1944.0,50.0
713,2,2,5,50900,17.71,1197.0,1197.0,789.0,2.95
714,2,1,5,25000,16.1,1950.0,1950.0,19176.0,64.0
715,2,2,5,78651,18.9,1197.0,1197.0,82.0,3.79
716,2,2,5,50000,21.56,1462.0,1462.0,10325.0,7.5
717,2,2,5,9818,19.4,999.0,999.0,11398.0,13.9
718,2,1,5,49230,25.1,1248.0,1248.0,885.0,8.7
719,2,2,5,65000,17.0,1591.0,1591.0,1213.0,8.85
720,2,1,5,69000,20.68,1995.0,1995.0,188.0,19.9
721,1,1,7,16000,2925.0,3258640000000.0,3258640000000.0,700.0,1.32
722,2,2,5,75163,21.4,1197.0,1197.0,831.0,5.14
723,1,2,5,6900,20.65,1462.0,1462.0,10325.0,10.25
724,2,2,5,89961,18.0,1198.0,1198.0,867.0,3.74
725,2,1,5,4000,19.62,1995.0,1995.0,18740.0,54.0
726,2,1,5,54000,14.6,1956.0,1956.0,16767.0,17.5
727,2,2,5,58740,21.21,1197.0,1197.0,8180.0,5.99
728,1,1,7,100000,11.36,2755.0,2755.0,1715.0,15.5
729,2,2,5,18700,15.8,1997.0,1997.0,24674.0,83.0
730,2,2,5,83690,17.8,1198.0,1198.0,867.0,4.54
731,1,2,5,11000,15.0,1991.0,1991.0,1944.0,50.0
732,2,2,5,50900,17.71,1197.0,1197.0,789.0,2.95
733,2,1,5,25000,16.1,1950.0,1950.0,19176.0,64.0
734,2,2,5,78651,18.9,1197.0,1197.0,82.0,3.79
735,2,2,5,50000,21.56,1462.0,1462.0,10325.0,7.5
736,2,2,5,9818,19.4,999.0,999.0,11398.0,13.9
737,2,1,5,49230,25.1,1248.0,1248.0,885.0,8.7
738,2,2,5,65000,17.0,1591.0,1591.0,1213.0,8.85
739,2,1,5,69000,20.68,1995.0,1995.0,188.0,19.9
740,1,1,5,67000,17.1,1956.0,1956.0,170.0,10.9
741,2,2,5,76685,17.0,1497.0,1497.0,12131.0,6.95
742,1,1,5,30000,1995.0,188.0,188.0,400.0,19.5
743,2,1,5,101954,20.45,1461.0,1461.0,1085.0,6.68
744,2,1,7,42000,10.91,3198.0,3198.0,197.0,24.5
745,1,2,5,42000,18.7,1199.0,1199.0,887.0,5.45
746,2,2,5,68897,18.9,1197.0,1197.0,82.0,5.0
747,1,1,5,30000,1995.0,188.0,188.0,400.0,19.5
748,1,2,4,26000,13.32,1998.0,1998.0,25479.0,65.0
749,2,1,5,105568,23.65,1248.0,1248.0,885.0,4.63
750,1,1,7,54000,12.62,2198.0,2198.0,158.0,24.0
751,2,2,5,61383,18.15,998.0,998.0,11835.0,9.63
752,2,1,5,75000,19.27,2143.0,2143.0,170.0,18.5
753,1,1,5,32000,1995.0,188.0,188.0,400.0,19.5
754,2,2,5,77130,15.5,1198.0,1198.0,867.0,4.0
755,3,1,5,56426,18.0,1969.0,1969.0,190.0,29.9
756,1,1,7,75000,14.75,2967.0,2967.0,245.0,39.9
757,2,2,5,69018,20.73,1373.0,1373.0,911.0,5.75
758,2,1,5,57000,19.67,1582.0,1582.0,1262.0,10.75
759,2,2,5,76000,15.8,1591.0,1591.0,1213.0,9.3
760,1,1,5,67000,17.1,1956.0,1956.0,170.0,10.9
761,2,2,5,76685,17.0,1497.0,1497.0,12131.0,6.95
762,1,1,5,30000,1995.0,188.0,188.0,400.0,19.5
763,2,1,5,101954,20.45,1461.0,1461.0,1085.0,6.68
764,2,1,7,42000,10.91,3198.0,3198.0,197.0,24.5
765,1,2,5,42000,18.7,1199.0,1199.0,887.0,5.45
766,2,2,5,68897,18.9,1197.0,1197.0,82.0,5.0
767,1,1,5,30000,1995.0,188.0,188.0,400.0,19.5
768,1,2,4,26000,13.32,1998.0,1998.0,25479.0,65.0
769,2,1,5,105568,23.65,1248.0,1248.0,885.0,4.63
770,1,1,7,54000,12.62,2198.0,2198.0,158.0,24.0
771,2,2,5,61383,18.15,998.0,998.0,11835.0,9.63
772,2,1,5,75000,19.27,2143.0,2143.0,170.0,18.5
773,1,1,5,32000,1995.0,188.0,188.0,400.0,19.5
774,2,2,5,77130,15.5,1198.0,1198.0,867.0,4.0
775,3,1,5,56426,18.0,1969.0,1969.0,190.0,29.9
776,1,1,7,75000,14.75,2967.0,2967.0,245.0,39.9
777,2,2,5,69018,20.73,1373.0,1373.0,911.0,5.75
778,2,1,5,57000,19.67,1582.0,1582.0,1262.0,10.75
779,2,2,5,76000,15.8,1591.0,1591.0,1213.0,9.3
780,2,2,5,29000,1451.0,141.0,141.0,250.0,16.5
781,2,2,5,65710,18.15,998.0,998.0,11835.0,8.66
782,2,1,5,51763,24.3,1248.0,1248.0,885.0,8.0
783,2,2,5,19133,18.55,1462.0,1462.0,10325.0,9.74
784,1,2,5,22000,12.95,1999.0,1999.0,15288.0,19.25
785,1,1,7,145000,12.55,2982.0,2982.0,1685.0,18.0
786,2,2,5,42733,20.73,1373.0,1373.0,911.0,6.82
787,1,2,5,30300,17.84,1395.0,1395.0,14751.0,24.8
788,2,2,5,14000,1991.0,30173.0,30173.0,400.0,48.5
789,2,1,5,59215,19.87,1461.0,1461.0,838.0,7.8
790,1,2,5,22000,7.81,2996.0,2996.0,36207.0,93.0
791,2,2,5,91724,14.8,1591.0,1591.0,1213.0,10.76
792,2,1,7,52000,12.9,2755.0,2755.0,1745.0,25.5
793,2,2,5,19900,18.8,3456.0,3456.0,25881.0,82.0
794,2,2,5,72503,998.0,671.0,671.0,90.0,3.21
795,0,1,67000,1796,285.0,17.0,17.0,5.0,16.5
796,2,1,5,38000,16.34,1950.0,1950.0,24138.0,69.5
797,2,1,5,67633,28.09,1248.0,1248.0,885.0,6.61
798,2,1,4,45000,17.09,2993.0,2993.0,2614.0,43.0
799,2,2,5,61000,18.0,1198.0,1198.0,867.0,4.6
800,2,2,5,29000,1451.0,141.0,141.0,250.0,16.5
801,2,2,5,65710,18.15,998.0,998.0,11835.0,8.66
802,2,1,5,51763,24.3,1248.0,1248.0,885.0,8.0
803,2,2,5,19133,18.55,1462.0,1462.0,10325.0,9.74
804,1,2,5,22000,12.95,1999.0,1999.0,15288.0,19.25
805,1,1,7,145000,12.55,2982.0,2982.0,1685.0,18.0
806,2,2,5,42733,20.73,1373.0,1373.0,911.0,6.82
807,1,2,5,30300,17.84,1395.0,1395.0,14751.0,24.8
808,2,2,5,14000,1991.0,30173.0,30173.0,400.0,48.5
809,2,1,5,59215,19.87,1461.0,1461.0,838.0,7.8
810,1,2,5,22000,7.81,2996.0,2996.0,36207.0,93.0
811,2,2,5,91724,14.8,1591.0,1591.0,1213.0,10.76
812,2,1,7,52000,12.9,2755.0,2755.0,1745.0,25.5
813,2,2,5,19900,18.8,3456.0,3456.0,25881.0,82.0
814,2,2,5,72503,998.0,671.0,671.0,90.0,3.21
815,0,1,67000,1796,285.0,17.0,17.0,5.0,16.5
816,2,1,5,38000,16.34,1950.0,1950.0,24138.0,69.5
817,2,1,5,67633,28.09,1248.0,1248.0,885.0,6.61
818,2,1,4,45000,17.09,2993.0,2993.0,2614.0,43.0
819,2,2,5,61000,18.0,1198.0,1198.0,867.0,4.6
820,2,1,5,30000,19.27,2143.0,2143.0,170.0,27.5
821,2,2,5,103030,15.63,1499.0,1499.0,1104.0,6.82
822,1,2,6,19123,19.01,1462.0,1462.0,1032.0,10.25
823,2,1,7,70767,15.1,2179.0,2179.0,15287.0,11.6
824,3,2,5,25000,15.0,1991.0,1991.0,1944.0,49.75
825,1,2,5,58525,15.29,1591.0,1591.0,1213.0,8.5
826,2,2,5,77353,21.4,1197.0,1197.0,831.0,5.2
827,2,2,5,59200,21.4,1197.0,1197.0,831.0,6.25
828,2,1,5,25000,1950.0,24138.0,24138.0,500.0,79.9
829,2,1,5,99230,25.1,1248.0,1248.0,885.0,6.55
830,2,2,5,80000,18.6,1197.0,1197.0,8183.0,5.25
831,2,2,5,50840,20.73,1373.0,1373.0,911.0,6.72
832,2,2,5,1000,16.9,1496.0,1496.0,20115.0,59.75
833,1,2,5,150000,15.6,1497.0,1497.0,1163.0,4.5
834,2,2,5,111142,21.4,1197.0,1197.0,831.0,5.01
835,2,2,5,133477,11.7,1796.0,1796.0,178.0,8.5
836,2,1,7,23000,2755.0,20115.0,20115.0,500.0,43.0
837,2,1,5,120802,25.1,1248.0,1248.0,885.0,5.97
838,2,1,7,41000,14.08,1956.0,1956.0,16767.0,20.0
839,1,2,5,50000,19.16,2494.0,2494.0,1577.0,12.5
840,2,1,5,30000,19.27,2143.0,2143.0,170.0,27.5
841,2,2,5,103030,15.63,1499.0,1499.0,1104.0,6.82
842,1,2,6,19123,19.01,1462.0,1462.0,1032.0,10.25
843,2,1,7,70767,15.1,2179.0,2179.0,15287.0,11.6
844,3,2,5,25000,15.0,1991.0,1991.0,1944.0,49.75
845,1,2,5,58525,15.29,1591.0,1591.0,1213.0,8.5
846,2,2,5,77353,21.4,1197.0,1197.0,831.0,5.2
847,2,2,5,59200,21.4,1197.0,1197.0,831.0,6.25
848,2,1,5,25000,1950.0,24138.0,24138.0,500.0,79.9
849,2,1,5,99230,25.1,1248.0,1248.0,885.0,6.55
850,2,2,5,80000,18.6,1197.0,1197.0,8183.0,5.25
851,2,2,5,50840,20.73,1373.0,1373.0,911.0,6.72
852,2,2,5,1000,16.9,1496.0,1496.0,20115.0,59.75
853,1,2,5,150000,15.6,1497.0,1497.0,1163.0,4.5
854,2,2,5,111142,21.4,1197.0,1197.0,831.0,5.01
855,2,2,5,133477,11.7,1796.0,1796.0,178.0,8.5
856,2,1,7,23000,2755.0,20115.0,20115.0,500.0,43.0
857,2,1,5,120802,25.1,1248.0,1248.0,885.0,5.97
858,2,1,7,41000,14.08,1956.0,1956.0,16767.0,20.0
859,1,2,5,50000,19.16,2494.0,2494.0,1577.0,12.5
860,2,1,5,7900,13.5,2925.0,2925.0,28161.0,1.5
861,2,2,5,42334,20.04,1462.0,1462.0,10325.0,8.29
862,1,2,5,150000,15.6,1497.0,1497.0,1163.0,4.25
863,2,2,5,98275,20.85,1197.0,1197.0,8314.0,3.97
864,1,1,5,57500,13.33,2995.0,2995.0,33525.0,1.8
865,1,2,5,65000,17.5,1199.0,1199.0,887.0,6.85
866,2,2,5,52235,17.0,1591.0,1591.0,1213.0,7.45
867,2,2,5,50158,17.4,1497.0,1497.0,1173.0,6.95
868,2,1,5,34000,16.1,1950.0,1950.0,1917.0,44.9
869,2,2,5,69820,17.5,1498.0,1498.0,996.0,5.44
870,2,1,7,71000,11.36,2755.0,2755.0,1715.0,20.5
871,2,2,5,82415,20.89,1197.0,1197.0,8180.0,5.34
872,1,1,7,70000,11.0,2987.0,2987.0,258.0,51.5
873,1,2,5,150000,15.6,1497.0,1497.0,1163.0,4.5
874,2,1,5,71070,19.6,1461.0,1461.0,10845.0,7.22
875,1,2,5,83000,14.8,1595.0,1595.0,12069.0,12.65
876,2,2,5,107834,18.27,998.0,998.0,11835.0,7.99
877,2,2,5,55000,21.01,1197.0,1197.0,8180.0,6.75
878,2,2,5,55000,9.7,2996.0,2996.0,32855.0,45.45
879,2,1,5,7900,13.5,2925.0,2925.0,28161.0,1.5
880,2,2,5,42334,20.04,1462.0,1462.0,10325.0,8.29
881,1,2,5,150000,15.6,1497.0,1497.0,1163.0,4.25
882,2,2,5,98275,20.85,1197.0,1197.0,8314.0,3.97
883,1,1,5,57500,13.33,2995.0,2995.0,33525.0,1.8
884,1,2,5,65000,17.5,1199.0,1199.0,887.0,6.85
885,2,2,5,52235,17.0,1591.0,1591.0,1213.0,7.45
886,2,2,5,50158,17.4,1497.0,1497.0,1173.0,6.95
887,2,1,5,34000,16.1,1950.0,1950.0,1917.0,44.9
888,2,2,5,69820,17.5,1498.0,1498.0,996.0,5.44
889,2,1,7,71000,11.36,2755.0,2755.0,1715.0,20.5
890,2,2,5,82415,20.89,1197.0,1197.0,8180.0,5.34
891,1,1,7,70000,11.0,2987.0,2987.0,258.0,51.5
892,1,2,5,150000,15.6,1497.0,1497.0,1163.0,4.5
893,2,1,5,71070,19.6,1461.0,1461.0,10845.0,7.22
894,1,2,5,83000,14.8,1595.0,1595.0,12069.0,12.65
895,2,2,5,107834,18.27,998.0,998.0,11835.0,7.99
896,2,2,5,55000,21.01,1197.0,1197.0,8180.0,6.75
897,2,2,5,55000,9.7,2996.0,2996.0,32855.0,45.45
898,2,1,5,25000,11.2,2400.0,2400.0,215.0,52.0
899,2,2,5,48539,1197.0,8580.0,8580.0,114.0,3.21
900,2,2,5,65000,16.8,1497.0,1497.0,1163.0,6.25
901,2,2,5,86916,18.9,1197.0,1197.0,82.0,3.68
902,2,2,5,11000,18.8,3456.0,3456.0,259.0,66.0
903,2,2,5,108662,17.0,1198.0,1198.0,1085.0,7.12
904,1,2,5,130000,15.6,1497.0,1497.0,1163.0,4.5
905,2,2,4,29000,10.63,2979.0,2979.0,410.0,71.0
906,2,2,5,63307,18.9,1197.0,1197.0,8186.0,5.44
907,2,1,5,84000,16.38,1995.0,1995.0,18246.0,15.9
908,2,2,5,101927,21.4,1197.0,1197.0,831.0,5.14
909,2,2,4,31900,16.47,1998.0,1998.0,231.0,31.0
910,2,2,5,76000,12.0,1991.0,1991.0,18103.0,23.9
911,2,2,5,40775,20.04,1462.0,1462.0,10325.0,8.14
912,1,1,5,18346,13.5,2925.0,2925.0,28161.0,97.0
913,1,1,7,46001,2925.0,3258640000000.0,3258640000000.0,700.0,1.06
914,2,1,5,59710,25.1,1248.0,1248.0,885.0,7.8
915,2,2,5,40000,17.4,1497.0,1497.0,1176.0,10.95
916,2,1,5,76000,2987.0,1652243800.0,1652243800.0,510.0,19.99
917,2,1,5,25000,11.2,2400.0,2400.0,215.0,52.0
918,2,2,5,48539,1197.0,8580.0,8580.0,114.0,3.21
919,2,2,5,65000,16.8,1497.0,1497.0,1163.0,6.25
920,2,2,5,86916,18.9,1197.0,1197.0,82.0,3.68
921,2,2,5,11000,18.8,3456.0,3456.0,259.0,66.0
922,2,2,5,108662,17.0,1198.0,1198.0,1085.0,7.12
923,1,2,5,130000,15.6,1497.0,1497.0,1163.0,4.5
924,2,2,4,29000,10.63,2979.0,2979.0,410.0,71.0
925,2,2,5,63307,18.9,1197.0,1197.0,8186.0,5.44
926,2,1,5,84000,16.38,1995.0,1995.0,18246.0,15.9
927,2,2,5,101927,21.4,1197.0,1197.0,831.0,5.14
928,2,2,4,31900,16.47,1998.0,1998.0,231.0,31.0
929,2,2,5,76000,12.0,1991.0,1991.0,18103.0,23.9
930,2,2,5,40775,20.04,1462.0,1462.0,10325.0,8.14
931,1,1,5,18346,13.5,2925.0,2925.0,28161.0,97.0
932,1,1,7,46001,2925.0,3258640000000.0,3258640000000.0,700.0,1.06
933,2,1,5,59710,25.1,1248.0,1248.0,885.0,7.8
934,2,2,5,40000,17.4,1497.0,1497.0,1176.0,10.95
935,2,1,5,76000,2987.0,1652243800.0,1652243800.0,510.0,19.99
936,2,2,7,8000,11.21,2995.0,2995.0,33525.0,87.0
937,2,2,5,67606,17.5,1199.0,1199.0,887.0,6.82
938,1,1,5,72135,15.73,1968.0,1968.0,17433.0,15.75
939,2,2,5,96658,18.6,1197.0,1197.0,8183.0,5.1
940,3,2,5,29000,17.84,1395.0,1395.0,14751.0,27.25
941,2,1,7,76000,14.75,2967.0,2967.0,245.0,45.0
942,2,2,5,26750,19.12,1373.0,1373.0,911.0,8.62
943,0,2,5,92762,10.13,3498.0,3498.0,3649.0,8.25
944,2,1,5,14000,19.33,1999.0,1999.0,177.0,35.5
945,2,2,5,43293,19.49,1198.0,1198.0,6704.0,4.12
946,2,2,5,102786,17.0,1497.0,1497.0,1186600.0,5.95
947,2,2,5,98751,19.49,1198.0,1198.0,6704.0,2.98
948,2,1,5,53000,12.8,2998.0,2998.0,2396.0,34.9
949,3,1,5,54776,22.69,1995.0,1995.0,190.0,18.9
950,2,1,5,59870,28.09,1248.0,1248.0,885.0,7.27
951,2,2,5,50000,18.9,1197.0,1197.0,8186.0,3.95
952,2,1,5,38000,8.13,2925.0,2925.0,28161.0,2.45
953,2,2,5,80330,1197.0,8580.0,8580.0,114.0,2.93
954,1,2,5,94000,16.8,1497.0,1497.0,1163.0,6.25
955,3,1,7,37800,12.83,1999.0,1999.0,14831.0,37.9
956,2,2,7,8000,11.21,2995.0,2995.0,33525.0,87.0
957,2,2,5,67606,17.5,1199.0,1199.0,887.0,6.82
958,1,1,5,72135,15.73,1968.0,1968.0,17433.0,15.75
959,2,2,5,96658,18.6,1197.0,1197.0,8183.0,5.1
960,3,2,5,29000,17.84,1395.0,1395.0,14751.0,27.25
961,2,1,7,76000,14.75,2967.0,2967.0,245.0,45.0
962,2,2,5,26750,19.12,1373.0,1373.0,911.0,8.62
963,0,2,5,92762,10.13,3498.0,3498.0,3649.0,8.25
964,2,1,5,14000,19.33,1999.0,1999.0,177.0,35.5
965,2,2,5,43293,19.49,1198.0,1198.0,6704.0,4.12
966,2,2,5,102786,17.0,1497.0,1497.0,1186600.0,5.95
967,2,2,5,98751,19.49,1198.0,1198.0,6704.0,2.98
968,2,1,5,53000,12.8,2998.0,2998.0,2396.0,34.9
969,3,1,5,54776,22.69,1995.0,1995.0,190.0,18.9
970,2,1,5,59870,28.09,1248.0,1248.0,885.0,7.27
971,2,2,5,50000,18.9,1197.0,1197.0,8186.0,3.95
972,2,1,5,38000,8.13,2925.0,2925.0,28161.0,2.45
973,2,2,5,80330,1197.0,8580.0,8580.0,114.0,2.93
974,1,2,5,94000,16.8,1497.0,1497.0,1163.0,6.25
975,3,1,7,37800,12.83,1999.0,1999.0,14831.0,37.9
976,1,1,7,25000,14.75,2967.0,2967.0,245.0,65.5
977,2,1,5,29294,16.35,1956.0,1956.0,16767.0,13.65
978,2,2,5,6800,16.8,1497.0,1497.0,11342.0,16.95
979,2,2,5,16847,20.4,1194.0,1194.0,9493.0,5.94
980,2,1,5,70000,17.9,2143.0,2143.0,1341.0,17.5
981,1,2,5,25500,13.47,1984.0,1984.0,24559.0,55.8
982,2,1,5,65865,19.6,1461.0,1461.0,10845.0,7.99
983,2,2,5,1000,14.11,1984.0,1984.0,2413.0,55.9
984,2,1,5,60000,14.7,1984.0,1984.0,181.0,38.0
985,2,1,5,54000,21.19,1497.0,1497.0,10849.0,9.99
986,2,2,5,5500,13.02,2998.0,2998.0,36878.0,72.0
987,2,2,5,20866,17.1,1199.0,1199.0,8850.0,8.14
988,2,2,5,5000,22.94,1197.0,1197.0,8850.0,9.85
989,2,2,5,130363,18.6,1197.0,1197.0,858.0,1.3
990,2,1,7,73937,17.3,1497.0,1497.0,121.0,8.99
991,2,1,5,40000,1396.0,887.0,887.0,2197.0,7.99
992,2,1,5,15000,1950.0,24138.0,24138.0,500.0,74.5
993,2,2,5,42014,19.49,1198.0,1198.0,6704.0,4.25
994,2,2,5,34000,13.96,1451.0,1451.0,141.0,16.4
995,1,1,5,73000,24.3,1248.0,1248.0,885.0,7.0
996,2,1,5,59841,25.1,1248.0,1248.0,885.0,8.74
997,3,2,5,37000,16.8,1497.0,1497.0,11342.0,15.25
998,2,2,5,81949,17.71,1197.0,1197.0,789.0,2.92
999,2,2,5,50000,1197.0,789.0,789.0,1117.0,4.25
1000,1,2,5,50000,814.0,552.0,552.0,745.0,1.75
1001,2,2,5,34769,18.3,1498.0,1498.0,11935.0,13.08
1002,2,2,5,79656,1197.0,8180.0,8180.0,113.0,3.1
1003,1,1,5,55000,12.6,1950.0,1950.0,194.0,34.75
1004,2,2,5,84310,18.6,1197.0,1197.0,8183.0,5.64
1005,2,2,5,23000,18.9,1197.0,1197.0,8186.0,5.15
1006,2,2,5,79362,19.49,1198.0,1198.0,6704.0,3.42
1007,2,1,5,18000,16.55,1995.0,1995.0,18774.0,49.5
1008,2,2,5,102511,1197.0,8580.0,8580.0,114.0,2.49
1009,2,0,7,70000,26.08,1462.0,1462.0,9119.0,7.65
1010,2,1,7,80000,11.0,2987.0,2987.0,258.0,48.5
1011,2,2,5,105446,18.9,1197.0,1197.0,82.0,3.75
1012,2,2,5,54000,21.4,1197.0,1197.0,831.0,4.25
1013,2,2,5,75865,1086.0,6805.0,6805.0,9904.0,2.65
1014,1,2,5,64690,16.8,1497.0,1497.0,11343.0,10.0
1015,1,2,5,5103,1197.0,8180.0,8180.0,1138.0,10.85
1016,1,0,4,52000,624.0,3748.0,3748.0,51.0,1.5
1017,2,2,6,18706,1198.0,82.0,82.0,115.0,4.24
1018,1,2,5,43687,19.1,1197.0,1197.0,82.0,5.2
1019,1,2,5,51000,18.15,998.0,998.0,11835.0,9.75
1020,1,2,5,60758,16.8,1497.0,1497.0,1163.0,4.4
1021,1,1,5,42000,23.7,1396.0,1396.0,887.0,10.5
1022,1,1,5,42261,24.3,1248.0,1248.0,885.0,8.85
1023,2,2,5,75499,1197.0,82.0,82.0,114.0,4.56
1024,1,1,5,120000,22.7,1582.0,1582.0,12624.0,3.99
1025,1,2,5,87109,1197.0,82.0,82.0,114.0,4.59
1026,2,1,7,69000,18.49,1493.0,1493.0,100.0,8.5
1027,2,1,5,109000,22.0,1498.0,1498.0,108495.0,6.25
1028,2,1,5,90001,18.23,1582.0,1582.0,1262.0,10.75
1029,1,2,5,13000,18.89,1498.0,1498.0,14751.0,16.5
1030,2,1,5,60000,22.07,1199.0,1199.0,739.0,2.4
1031,2,2,5,75000,1495.0,94.0,94.0,125.0,1.9
1032,2,2,6,76000,17.99,1462.0,1462.0,1032.0,9.25
1033,1,1,7,82000,20.77,1248.0,1248.0,8876.0,6.5
1034,1,1,5,42261,24.3,1248.0,1248.0,885.0,8.85
1035,1,2,5,87109,1197.0,82.0,82.0,114.0,4.59
1036,1,1,7,82000,20.77,1248.0,1248.0,8876.0,6.5
1037,1,2,5,47057,814.0,552.0,552.0,745.0,3.17
1038,3,2,5,123715,17.0,1591.0,1591.0,1213.0,7.7
1039,1,2,5,60000,1199.0,84.0,84.0,114.0,4.75
1040,1,2,5,36522,19.01,1199.0,1199.0,8482.0,5.44
1041,1,2,5,63000,16.09,1598.0,1598.0,1032.0,5.8
1042,2,2,5,23285,17.74,999.0,999.0,7510.0,5.73
1043,3,2,5,14596,20.7,1197.0,1197.0,8186.0,6.41
1044,2,1,5,48401,14.84,2143.0,2143.0,170.0,12.0
1045,3,2,5,34377,21.01,1197.0,1197.0,8180.0,7.57
1046,1,1,5,127000,11.74,2987.0,2987.0,2548.0,11.0
1047,2,1,5,70000,16.1,1950.0,1950.0,1917.0,39.95
1048,1,1,5,90000,16.09,1995.0,1995.0,184.0,12.0
1049,2,1,5,65000,21.7,1498.0,1498.0,9896.0,7.25
1050,2,1,5,80000,17.1,1956.0,1956.0,17063.0,16.5
1051,2,1,7,89000,24.2,1498.0,1498.0,986.0,5.5
1052,2,1,5,90000,21.7,1498.0,1498.0,9896.0,7.75
1053,2,1,5,109000,22.15,1498.0,1498.0,1086.0,7.25
1054,3,1,5,66302,19.7,1497.0,1497.0,11505.0,11.24
1055,1,2,5,79247,22.41,1197.0,1197.0,8850.0,4.1
1056,2,2,5,46000,13.79,1998.0,1998.0,192.0,33.0
1057,1,1,5,82051,27.39,1248.0,1248.0,74.0,6.07
1058,1,2,5,31655,22.38,1197.0,1197.0,8850.0,7.75
1059,2,2,5,16000,18.9,1197.0,1197.0,8186.0,5.75
1060,3,1,5,59965,25.5,1498.0,1498.0,986.0,7.61
1061,1,2,5,60000,17.0,1197.0,1197.0,805200.0,1.75
1062,3,2,5,103209,21.4,1197.0,1197.0,831.0,5.02
1063,1,2,5,29497,21.4,1197.0,1197.0,831.0,5.59
1064,2,2,5,51000,1197.0,789.0,789.0,1117.0,2.9
1065,1,2,5,22849,20.7,1197.0,1197.0,8186.0,6.83
1066,1,1,5,66000,22.54,1396.0,1396.0,8873.0,5.75
1067,1,1,5,43000,20.68,1995.0,1995.0,190.0,29.5
1068,2,1,5,68000,24.3,1248.0,1248.0,885.0,7.5
1069,2,1,5,61000,17.9,2143.0,2143.0,170.0,37.5
1070,2,2,5,35000,20.65,1462.0,1462.0,10325.0,6.8
1071,2,2,5,47000,19.56,1197.0,1197.0,8180.0,6.75
1072,1,1,5,54000,24.3,1248.0,1248.0,885.0,8.75
1073,3,2,5,72000,18.0,1497.0,1497.0,1173.0,6.15
1074,1,2,5,62039,796.0,4733.0,4733.0,69.0,3.02
1075,2,2,5,23428,21.01,1197.0,1197.0,8180.0,7.14
1076,2,1,5,53000,25.1,1248.0,1248.0,885.0,7.95
1077,2,2,5,47925,16.8,1497.0,1497.0,1163.0,4.53
1078,1,2,5,59011,1197.0,82.0,82.0,114.0,4.26
1079,2,1,7,121281,12.35,2157.0,2157.0,17849.0,17.51
1080,1,2,5,63238,18.9,1197.0,1197.0,8186.0,5.15
1081,1,2,5,51376,18.0,1497.0,1497.0,1173.0,6.0
1082,2,2,5,51196,1086.0,6805.0,6805.0,9904.0,3.19
1083,1,2,5,35898,18.9,1197.0,1197.0,8186.0,5.43
1084,2,1,5,40000,22.48,1995.0,1995.0,18774.0,34.5
1085,2,2,5,19876,20.89,1197.0,1197.0,8180.0,4.92
1086,2,1,5,68000,22.9,1248.0,1248.0,74.0,4.1
1087,2,2,5,40451,18.6,1199.0,1199.0,8876.0,5.25
1088,1,2,5,60000,17.4,1497.0,1497.0,1173.0,5.55
1089,2,1,5,69000,17.68,1968.0,1968.0,17433.0,14.5
1090,2,2,5,98000,21.01,1197.0,1197.0,8180.0,6.0
1091,3,2,5,790000,18.15,998.0,998.0,11835.0,9.75
1092,3,2,5,55000,18.2,1199.0,1199.0,887.0,7.5
1093,3,1,5,104000,23.59,1364.0,1364.0,6705.0,5.25
1094,3,2,5,57647,24.7,796.0,796.0,473.0,3.52
1095,1,2,5,76125,18.9,1197.0,1197.0,8186.0,4.4
1096,1,1,5,94857,28.4,1248.0,1248.0,7402.0,6.06
1097,2,2,5,51499,18.0,1198.0,1198.0,867.0,4.96
1098,2,1,7,22468,2198.0,18238.0,18238.0,450.0,22.0
1099,3,2,5,123186,25.24,998.0,998.0,6571.0,3.68
1100,2,2,5,20000,21.79,998.0,998.0,6705.0,6.1
1101,3,2,5,74661,18.6,1197.0,1197.0,8183.0,5.45
1102,2,1,5,50018,22.9,1248.0,1248.0,74.0,4.2
1103,1,2,5,38000,18.6,1197.0,1197.0,8183.0,5.6
1104,3,2,5,11971,21.01,1197.0,1197.0,8180.0,7.55
1105,1,1,5,80000,20.3,1248.0,1248.0,75.0,1.0
1106,2,2,5,64000,18.6,1197.0,1197.0,8183.0,5.5
1107,2,2,5,37000,1197.0,831.0,831.0,115.0,5.05
1108,2,1,5,92000,22.54,1396.0,1396.0,8873.0,5.95
1109,2,2,5,70000,23.95,998.0,998.0,6705.0,3.4
1110,2,2,5,83000,17.03,1462.0,1462.0,10326.0,7.95
1111,2,2,5,32000,998.0,6705.0,6705.0,90.0,5.1
1112,2,1,5,88000,27.39,1248.0,1248.0,74.0,5.9
1113,1,2,5,105885,1197.0,8850.0,8850.0,113.0,3.27
1114,3,1,5,93774,25.5,1498.0,1498.0,986.0,7.15
1115,1,1,5,44000,12.6,1950.0,1950.0,194.0,39.5
1116,1,2,5,86981,1197.0,82.0,82.0,114.0,4.21
1117,3,2,5,48728,21.4,1197.0,1197.0,831.0,6.66
1118,2,2,5,87001,17.01,1591.0,1591.0,1213.0,4.65
1119,1,2,5,50595,20.51,998.0,998.0,6704.0,4.11
1120,2,2,5,31000,17.1,1199.0,1199.0,8850.0,8.5
1121,1,2,5,103012,1197.0,82.0,82.0,114.0,4.14
1122,1,2,5,108929,22.38,1197.0,1197.0,8850.0,3.84
1123,1,2,7,57000,15.4,1497.0,1497.0,1173.0,7.95
1124,2,2,5,56387,18.5,1198.0,1198.0,868.0,4.3
1125,2,1,5,101000,26.0,1498.0,1498.0,986.0,5.75
1126,2,2,5,42000,16.5,1198.0,1198.0,868.0,5.5
1127,1,1,5,50000,25.0,1493.0,1493.0,11345.0,13.9
1128,2,1,5,810000,21.7,1498.0,1498.0,9896.0,9.0
1129,2,2,5,26000,18.9,1197.0,1197.0,8186.0,5.95
1130,2,1,5,92001,14.84,2143.0,2143.0,16762.0,11.75
1131,2,2,5,29000,18.5,1198.0,1198.0,868.0,4.5
1132,1,2,5,69000,20.4,1197.0,1197.0,8180.0,5.4
1133,3,2,5,51918,1197.0,8180.0,8180.0,113.0,5.4
1134,1,2,5,37552,18.9,1197.0,1197.0,82.0,5.32
1135,2,2,5,84000,17.0,1198.0,1198.0,1085.0,8.7
1136,1,2,5,63420,18.0,1198.0,1198.0,867.0,5.11
1137,1,2,5,68888,18.9,1197.0,1197.0,8186.0,4.39
1138,2,1,5,104255,22.9,1248.0,1248.0,74.0,4.5
1139,1,2,5,47877,18.5,1198.0,1198.0,868.0,4.72
1140,2,2,5,61000,14.74,1991.0,1991.0,18104.0,27.9
1141,1,1,5,83337,27.3,1498.0,1498.0,986.0,4.64
1142,1,2,5,61836,19.4,1198.0,1198.0,868.0,4.06
1143,2,2,5,68001,18.19,1197.0,1197.0,1032.0,5.9
1144,3,2,5,39813,22.35,1197.0,1197.0,8850.0,7.87
1145,2,2,5,74000,17.8,1198.0,1198.0,867.0,6.9
1146,2,2,5,87000,19.4,1198.0,1198.0,868.0,3.5
1147,1,2,5,71000,18.6,1197.0,1197.0,8183.0,6.6
1148,2,1,5,102000,17.9,2143.0,2143.0,20115.0,43.5
1149,1,2,5,110000,11.3,2360.0,2360.0,170.0,6.5
1150,2,2,5,75000,23.84,1199.0,1199.0,84.0,5.7
1151,1,1,5,62000,28.09,1248.0,1248.0,885.0,7.1
1152,1,2,5,49000,1197.0,789.0,789.0,1117.0,4.4
1153,2,2,5,76792,20.73,1373.0,1373.0,911.0,6.37
1154,2,2,5,34445,19.4,1198.0,1198.0,868.0,4.24
1155,2,2,5,64000,1086.0,6805.0,6805.0,9904.0,3.2
1156,1,2,5,109405,22.41,1197.0,1197.0,8850.0,5.2
1157,2,2,5,118146,18.7,1199.0,1199.0,887.0,4.61
1158,2,2,5,9000,18.8,1199.0,1199.0,8663.0,8.75
1159,3,2,5,41339,18.9,1197.0,1197.0,8186.0,5.87
1160,2,2,5,22000,14.82,1998.0,1998.0,18908.0,33.5
1161,2,2,5,62607,17.5,1199.0,1199.0,887.0,7.21
1162,3,2,5,52794,21.01,1197.0,1197.0,8180.0,6.77
1163,2,2,5,10000,15.0,1991.0,1991.0,19444.0,67.5
1164,1,2,7,33864,20.0,999.0,999.0,7101.0,5.86
1165,1,1,5,73000,19.5,1582.0,1582.0,12624.0,4.25
1166,1,2,5,70000,21.01,1197.0,1197.0,8180.0,4.75
1167,2,1,7,67754,21.9,1498.0,1498.0,986.0,6.15
1168,1,2,5,60000,998.0,671.0,671.0,90.0,1.7
1169,2,2,5,69000,18.06,1198.0,1198.0,75.0,2.5
1170,1,1,7,78000,15.1,2179.0,2179.0,15287.0,10.25
1171,1,2,5,70000,796.0,463.0,463.0,62.0,1.4
1172,1,1,7,83000,24.52,1248.0,1248.0,885.0,7.8
1173,2,2,5,17778,20.7,1197.0,1197.0,8186.0,7.04
1174,1,2,5,16499,20.7,1197.0,1197.0,8186.0,7.14
1175,1,1,5,120000,21.64,1461.0,1461.0,848.0,2.25
1176,2,2,5,33364,18.7,1199.0,1199.0,887.0,4.79
1177,2,2,5,64784,18.9,1197.0,1197.0,82.0,4.26
1178,2,2,5,59000,12.0,1991.0,1991.0,184.0,19.9
1179,1,2,5,29584,1086.0,6805.0,6805.0,9904.0,3.7
1180,1,2,5,80000,16.95,1498.0,1498.0,977.0,3.0
1181,1,2,5,87217,17.0,1497.0,1497.0,1186600.0,3.73
1182,1,2,5,77482,23.84,1199.0,1199.0,84.0,3.99
1183,2,2,5,60000,19.0,1199.0,1199.0,887.0,6.25
1184,1,2,5,34312,20.09,1199.0,1199.0,8482.0,5.57
1185,1,2,5,53000,19.0,1199.0,1199.0,8482.0,6.5
1186,2,2,5,45000,18.1,1199.0,1199.0,887.0,5.75
1187,2,2,5,23000,17.8,1198.0,1198.0,867.0,6.9
1188,2,2,5,80001,21.21,1197.0,1197.0,8180.0,4.9
1189,2,1,5,62000,28.4,1248.0,1248.0,7402.0,5.5
1190,1,2,5,57000,14.8,1497.0,1497.0,12136.0,8.5
1191,2,2,5,21000,19.4,1198.0,1198.0,868.0,3.9
1192,1,2,5,43415,22.38,1197.0,1197.0,8850.0,4.08
1193,1,1,5,24412,22.54,1396.0,1396.0,8873.0,7.58
1194,3,1,7,45000,14.11,2199.0,2199.0,1972.0,25.9
1195,1,2,5,24020,1197.0,82.0,82.0,114.0,4.8
1196,1,2,5,70251,21.21,1197.0,1197.0,8180.0,5.33
1197,2,2,5,44000,18.4,1498.0,1498.0,11935.0,9.9
1198,2,0,4,86212,796.0,4036.0,4036.0,60.0,4.2
1199,1,2,5,64000,17.0,1591.0,1591.0,1213.0,9.5
1200,1,2,5,39458,1197.0,82.0,82.0,114.0,4.65
1201,1,1,5,70598,22.9,1248.0,1248.0,74.0,3.56
1202,2,2,5,94000,17.8,1198.0,1198.0,867.0,4.75
1203,1,2,5,48325,1197.0,82.0,82.0,114.0,4.3
1204,2,2,5,66000,14.28,1798.0,1798.0,13803.0,6.5
1205,2,1,5,86001,26.0,1498.0,1498.0,986.0,5.75
1206,2,2,5,62000,14.28,1798.0,1798.0,13803.0,6.9
1207,2,2,5,50000,17.43,1396.0,1396.0,1055.0,6.25
1208,2,1,5,79000,20.5,1582.0,1582.0,1262.0,9.25
1209,2,1,5,74002,28.4,1248.0,1248.0,7402.0,6.75
1210,2,2,5,74000,7.81,5461.0,5461.0,3629.0,52.9
1211,1,1,5,65000,23.9,1582.0,1582.0,12632.0,5.9
1212,2,2,5,39718,21.0,1197.0,1197.0,8180.0,7.58
1213,1,2,5,67529,1197.0,82.0,82.0,114.0,4.5
1214,1,1,7,110000,14.75,2967.0,2967.0,245.0,40.0
1215,1,2,5,88281,21.4,1197.0,1197.0,831.0,5.01
1216,1,2,5,64160,1197.0,82.0,82.0,114.0,4.12
1217,2,1,5,88000,16.38,1995.0,1995.0,18246.0,15.5
1218,3,2,5,77253,22.38,1197.0,1197.0,8850.0,4.91
1219,2,1,5,72000,16.55,1968.0,1968.0,14751.0,11.9
1220,2,2,5,102614,16.8,1497.0,1497.0,1164.0,4.01
1221,2,2,5,78911,17.8,1497.0,1497.0,1173.0,6.37
1222,2,1,5,99000,15.3,2993.0,2993.0,258.0,28.9
1223,1,2,5,47975,18.9,1197.0,1197.0,8186.0,4.96
1224,2,1,5,56000,19.27,2143.0,2143.0,16762.0,29.5
1225,1,1,7,121000,11.3,2987.0,2987.0,2548.0,35.0
1226,2,1,5,78000,15.26,2143.0,2143.0,2032.0,23.9
1227,2,1,5,75000,15.87,2993.0,2993.0,30843.0,32.9
1228,2,1,5,44000,1999.0,2454.0,2454.0,430.0,53.5
1229,2,2,5,42000,23.1,998.0,998.0,6704.0,4.5
1230,1,1,5,32141,1248.0,885.0,885.0,200.0,6.0
1231,1,2,5,60000,21.4,1197.0,1197.0,831.0,5.1
1232,1,2,5,64657,1197.0,82.0,82.0,114.0,4.02
1233,2,2,5,100657,19.0,1199.0,1199.0,887.0,5.67
1234,2,2,5,32000,13.0,1591.0,1591.0,1213.0,10.9
1235,1,2,5,50570,19.4,1198.0,1198.0,868.0,2.8
1236,1,2,5,42392,18.9,1197.0,1197.0,82.0,5.13
1237,1,1,5,78000,22.7,1498.0,1498.0,8984.0,3.75
1238,1,2,5,62155,1197.0,82.0,82.0,114.0,4.19
1239,1,2,5,100000,15.0,1586.0,1586.0,10468.0,1.55
1240,2,1,5,94822,22.54,1396.0,1396.0,8873.0,5.43
1241,1,2,5,59422,814.0,552.0,552.0,745.0,2.91
1242,2,2,5,82000,1497.0,11343.0,11343.0,144.0,13.9
1243,1,2,5,70727,17.0,1591.0,1591.0,1213.0,9.12
1244,2,2,5,79000,1497.0,11343.0,11343.0,144.0,12.9
1245,1,1,5,120000,19.01,1461.0,1461.0,10845.0,3.45
1246,1,1,5,120000,21.64,1461.0,1461.0,848.0,2.25
1247,1,1,5,120000,22.7,1582.0,1582.0,12624.0,4.0
1248,2,1,7,70000,18.49,1493.0,1493.0,100.0,6.15
1249,2,1,5,61000,20.68,1995.0,1995.0,188.0,19.75
1250,2,2,5,92000,18.0,1198.0,1198.0,867.0,3.6
1251,1,2,7,58857,15.4,1497.0,1497.0,1173.0,6.5
1252,2,2,5,68237,20.51,998.0,998.0,6704.0,3.89
1253,3,2,5,31237,21.01,1197.0,1197.0,8180.0,7.27
1254,1,2,5,45000,20.14,1197.0,1197.0,8186.0,4.95
1255,1,1,5,93027,22.9,1248.0,1248.0,74.0,3.71
1256,1,1,5,122688,23.4,1248.0,1248.0,74.0,4.22
1257,2,1,5,53000,25.8,1498.0,1498.0,986.0,6.75
1258,3,2,5,60464,21.63,998.0,998.0,6705.0,4.6
1259,1,2,5,10000,999.0,7102.0,7102.0,96.0,8.5
1260,1,2,5,40171,17.4,1497.0,1497.0,1173.0,5.17
1261,1,2,5,122223,17.8,1198.0,1198.0,867.0,5.8
1262,1,2,5,44000,1086.0,6805.0,6805.0,9904.0,2.4
1263,1,2,5,77299,18.9,1197.0,1197.0,82.0,4.79
1264,2,1,5,39000,16.35,1956.0,1956.0,16767.0,13.95
1265,1,1,5,120000,17.1,1956.0,1956.0,170.0,11.0
1266,3,2,5,29000,15.43,1498.0,1498.0,10849.0,12.9
1267,2,2,5,60000,18.7,1199.0,1199.0,887.0,4.75
1268,2,1,5,80000,22.54,1396.0,1396.0,8873.0,6.9
1269,2,1,5,78000,21.7,1498.0,1498.0,9896.0,5.5
1270,2,1,5,58000,24.7,1498.0,1498.0,9789.0,5.5
1271,1,1,5,67000,1120.0,70.0,70.0,160.0,4.25
1272,2,2,5,44019,18.6,1197.0,1197.0,858.0,3.15
1273,2,2,5,11962,24.97,998.0,998.0,6571.0,5.69
1274,2,2,5,44002,19.7,796.0,796.0,463.0,95000.0
1275,2,2,5,13066,22.05,796.0,796.0,4733.0,3.69
1276,2,2,5,36015,18.9,1197.0,1197.0,82.0,3.61
1277,1,2,5,14000,19.65,1197.0,1197.0,8676.0,6.99
1278,2,0,5,11880,998.0,5833.0,5833.0,78.0,4.74
1279,2,2,5,35000,1086.0,6805.0,6805.0,9904.0,2.25
1280,2,1,7,65018,1248.0,8850.0,8850.0,200.0,4.75
1281,2,2,5,28061,22.05,796.0,796.0,4733.0,3.43
1282,1,2,5,40300,13.9,1498.0,1498.0,105.0,6.5
1283,2,2,5,58231,23.95,998.0,998.0,6705.0,3.32
1284,1,2,5,70000,1197.0,8186.0,8186.0,11375.0,4.0
1285,1,2,5,13000,20.28,998.0,998.0,11841.0,8.9
1286,2,2,5,32997,22.05,796.0,796.0,4733.0,3.39
1287,2,2,5,41203,18.7,1199.0,1199.0,887.0,3.99
1288,1,1,5,90000,1498.0,1032.0,1032.0,250.0,3.5
1289,2,2,5,6818,19.4,1194.0,1194.0,9493.0,5.4
1290,2,1,5,44000,26.0,1498.0,1498.0,986.0,5.5
1291,1,1,5,29200,25.6,1498.0,1498.0,979.0,8.75
1292,2,2,5,16016,1086.0,6805.0,6805.0,9904.0,1.85
1293,2,2,5,26638,21.7,998.0,998.0,6571.0,4.19
1294,2,1,5,44000,26.0,1498.0,1498.0,986.0,5.5
1295,2,0,5,18930,998.0,5833.0,5833.0,78.0,4.79
1296,1,2,5,5700,2995.0,340.0,340.0,450.0,1.05
1297,1,1,5,29200,25.6,1498.0,1498.0,979.0,8.75
1298,2,0,5,26580,998.0,5833.0,5833.0,78.0,4.49
1299,2,2,7,35000,15.4,1497.0,1497.0,1173.0,7.45
1300,2,2,5,32000,16.9,1395.0,1395.0,14751.0,21.0
1301,2,1,5,68499,17.6,1582.0,1582.0,1262.0,10.83
1302,2,1,5,53750,23.0,1498.0,1498.0,9896.0,6.85
1303,2,2,5,48341,22.05,796.0,796.0,4733.0,3.03
1304,1,2,5,25000,3996.0,641.0,641.0,850.0,3.6
1305,2,2,5,34260,21.5,1197.0,1197.0,8180.0,3.95
1306,2,1,5,48380,23.0,1498.0,1498.0,9896.0,5.83
1307,1,1,5,52000,19.67,1582.0,1582.0,1262.0,9.95
1308,2,2,8,23022,796.0,342.0,342.0,59.0,2.25
1309,2,2,5,26610,23.95,998.0,998.0,6705.0,3.65
1310,2,1,7,66019,24.2,1498.0,1498.0,9387.0,7.75
1311,2,2,5,42320,998.0,671.0,671.0,90.0,2.29
1312,2,0,5,25484,998.0,5833.0,5833.0,78.0,4.77
1313,2,2,5,25171,998.0,671.0,671.0,90.0,2.22
1314,2,1,5,78006,23.0,1396.0,1396.0,904000.0,2.55
1315,2,2,5,21607,19.34,1198.0,1198.0,7594.0,4.7
1316,2,2,5,52162,16.5,1353.0,1353.0,13808.0,11.92
1317,2,1,5,23435,16.77,2993.0,2993.0,26149.0,45.0
1318,2,2,5,20336,19.2,999.0,999.0,11398.0,12.81
1319,2,1,5,68591,25.1,1248.0,1248.0,885.0,6.75
1320,2,1,5,65341,25.2,1248.0,1248.0,74.0,3.44
1321,2,2,5,23329,22.5,999.0,999.0,67.0,2.72
1322,2,1,5,84000,25.1,1498.0,1498.0,986.0,5.25
1323,2,1,5,19000,21.43,1364.0,1364.0,8679.0,14.95
1324,2,1,5,100500,1248.0,7394.0,7394.0,190.0,2.45
1325,1,1,5,58500,23.0,1498.0,1498.0,9896.0,6.65
1326,2,1,5,66455,19.6,2400.0,2400.0,190.0,19.35
1327,2,2,5,1229,24.97,998.0,998.0,6571.0,5.9
1328,1,2,5,12100,245.59,370.0,370.0,19.0,50.0
1329,2,2,5,26597,18.2,998.0,998.0,11835.0,9.25
1330,2,2,5,73616,22.0,1197.0,1197.0,8180.0,3.75
1331,2,2,5,53657,18.5,1197.0,1197.0,805200.0,2.63
1332,2,2,5,37016,814.0,552.0,552.0,745.0,2.05
1333,2,2,5,62466,18.7,1199.0,1199.0,887.0,3.9
1334,2,2,5,20041,20.7,1197.0,1197.0,8186.0,6.19
1335,2,2,5,49000,21.21,1197.0,1197.0,8180.0,3.65
1336,2,2,5,44669,19.1,1197.0,1197.0,858.0,3.79
1337,2,2,5,28500,20.7,1197.0,1197.0,8186.0,5.45
1338,2,2,5,19843,998.0,671.0,671.0,90.0,3.05
1339,2,2,5,44800,19.1,1197.0,1197.0,858.0,3.81
1340,2,2,5,44275,21.21,1197.0,1197.0,8180.0,3.75
1341,2,2,5,27012,21.21,1197.0,1197.0,8180.0,5.45
1342,2,2,5,35629,20.52,1197.0,1197.0,8180.0,4.25
1343,2,2,5,37009,23.95,998.0,998.0,6705.0,2.75
1344,2,2,5,28000,16.95,1197.0,1197.0,789.0,2.7
1345,2,2,5,46022,19.81,1086.0,1086.0,6805.0,2.35
1346,1,2,5,100000,1086.0,6805.0,6805.0,9904.0,1.25
1347,2,2,7,22302,17.5,1373.0,1373.0,911.0,6.9
1348,1,2,5,17000,9.8,2995.0,2995.0,340.0,80.0
1349,2,1,5,7400,14.6,1956.0,1956.0,16767.0,20.25
1350,2,2,5,17024,22.7,799.0,799.0,5364.0,2.72
1351,2,1,5,71649,23.59,1364.0,1364.0,6704.0,3.32
1352,2,2,5,9016,998.0,6705.0,6705.0,90.0,5.05
1353,2,2,5,44999,16.78,1496.0,1496.0,8873.0,3.74
1354,2,1,5,78106,19.87,1461.0,1461.0,838.0,5.1
1355,2,2,5,34016,814.0,552.0,552.0,745.0,2.15
1356,2,1,5,85692,25.2,1248.0,1248.0,74.0,3.47
1357,1,2,5,6500,17.33,1199.0,1199.0,11835.0,7.98
1358,2,2,5,35080,18.27,998.0,998.0,11835.0,8.99
1359,2,2,5,77727,16.2,1199.0,1199.0,74.0,3.77
1360,2,2,5,43000,18.5,1197.0,1197.0,8285.0,3.49
1361,2,2,5,30000,18.9,1197.0,1197.0,8186.0,4.25
1362,2,1,7,42364,17.45,1493.0,1493.0,100.0,4.5
1363,2,2,5,7000,16.5,1198.0,1198.0,868.0,4.95
1364,2,2,5,54000,18.7,1199.0,1199.0,887.0,3.95
1365,2,2,5,45000,17.5,1298.0,1298.0,858.0,2.25
1366,2,2,5,44018,19.1,1197.0,1197.0,858.0,3.45
1367,1,2,5,18500,16.5,1799.0,1799.0,13946.0,12.9
1368,2,2,5,43002,17.92,1086.0,1086.0,621.0,1.75
1369,1,2,5,13200,12.74,1991.0,1991.0,197.0,50.0
1370,2,2,5,69381,23.01,999.0,999.0,67.0,3.27
1371,2,1,5,64275,19.67,1582.0,1582.0,1262.0,6.28
1372,2,2,4,7421,15.2,1997.0,1997.0,150.0,12.49
1373,2,2,5,5252,18.3,1498.0,1498.0,11935.0,12.07
1374,2,2,5,63663,16.78,1496.0,1496.0,8873.0,3.41
1375,2,2,5,60545,17.8,1497.0,1497.0,1173.0,5.55
1376,2,2,5,85602,17.8,1198.0,1198.0,867.0,3.33
1377,2,1,7,35902,15.04,2755.0,2755.0,1745.0,28.0
1378,2,2,5,87172,15.8,1591.0,1591.0,1213.0,7.88
1379,2,2,5,52950,16.47,1198.0,1198.0,739.0,3.72
1380,2,2,5,42005,17.01,1591.0,1591.0,1213.0,4.71
1381,2,2,5,64000,15.8,1591.0,1591.0,1213.0,8.25
1382,2,2,5,32000,17.0,1591.0,1591.0,1213.0,8.25
1383,2,2,5,65000,15.8,1591.0,1591.0,1213.0,8.5
1384,2,2,5,21000,14.59,1999.0,1999.0,14992.0,8.85
1385,2,2,5,39450,14.28,1798.0,1798.0,13803.0,8.15
1386,2,2,5,32000,14.59,1999.0,1999.0,14992.0,8.85
1387,2,2,5,60314,17.5,1199.0,1199.0,887.0,5.75
1388,2,2,5,4000,19.1,1368.0,1368.0,986.0,7.49
1389,2,1,5,65000,28.09,1248.0,1248.0,8850.0,5.25
1390,2,1,5,78019,19.67,1582.0,1582.0,1262.0,6.39
1391,2,2,5,42970,16.42,1498.0,1498.0,10455.0,7.64
1392,2,1,7,176000,12.8,2494.0,2494.0,102.0,4.4
1393,2,2,5,24100,20.52,1197.0,1197.0,8180.0,4.74
1394,2,2,5,51123,21.4,1197.0,1197.0,831.0,4.71
1395,2,2,5,66000,16.8,1395.0,1395.0,13802.0,5.95
1396,2,1,5,48405,27.39,1248.0,1248.0,74.0,4.98
1397,2,1,5,52305,17.68,1968.0,1968.0,17433.0,10.75
1398,2,1,5,46488,24.0,1120.0,1120.0,70.0,3.71
1399,2,1,5,71842,22.54,1396.0,1396.0,8876.0,5.29
1400,2,1,5,91000,26.0,1498.0,1498.0,986.0,3.95
1401,2,1,5,51334,21.9,1396.0,1396.0,8876.0,2.8
1402,2,1,7,72560,12.9,2755.0,2755.0,1745.0,16.7
1403,2,2,5,68000,20.3,1086.0,1086.0,68.0,3.85
1404,2,2,5,45000,22.41,1197.0,1197.0,8850.0,3.6
1405,2,2,5,44000,13.17,1999.0,1999.0,114.0,3.95
1406,2,2,5,47000,14.67,1798.0,1798.0,17746.0,10.95
1407,2,1,7,92044,12.55,2982.0,2982.0,1685.0,16.5
1408,1,1,7,40000,14.75,2967.0,2967.0,245.0,46.0
1409,2,2,5,60545,17.4,1497.0,1497.0,1173.0,5.5
1410,2,1,5,79097,1248.0,7394.0,7394.0,190.0,3.29
1411,2,2,5,68619,19.1,1197.0,1197.0,858.0,3.44
1412,2,1,5,34452,14.16,1968.0,1968.0,1743.0,16.75
1413,2,1,5,40326,24.0,1186.0,1186.0,7397.0,5.22
1414,2,2,5,40021,19.02,1198.0,1198.0,6705.0,3.92
1415,2,2,5,44000,998.0,6705.0,6705.0,90.0,3.99
1416,1,2,5,7962,20.52,1197.0,1197.0,8180.0,4.89
1417,2,1,7,260000,12.8,2494.0,2494.0,102.0,6.25
1418,2,2,5,44508,19.69,1198.0,1198.0,6704.0,3.38
1419,2,2,5,58958,14.5,1797.0,1797.0,1475.0,5.25
1420,1,2,5,44000,20.89,1197.0,1197.0,8180.0,4.65
1421,2,2,5,48188,17.03,1462.0,1462.0,10326.0,8.25
1422,2,2,5,55000,20.36,1197.0,1197.0,789.0,1.51
1423,2,2,5,24268,1197.0,82.0,82.0,114.0,2.85
1424,2,1,5,23000,17.01,1582.0,1582.0,1262.0,10.5
1425,2,2,5,38502,13.96,1451.0,1451.0,141.0,13.75
1426,2,1,5,35000,19.67,1582.0,1582.0,1262.0,7.5
1427,2,2,5,43487,16.5,1353.0,1353.0,13808.0,13.5
1428,2,1,5,32000,24.3,1248.0,1248.0,885.0,7.5
1429,1,1,5,14400,17.9,2143.0,2143.0,136.0,24.0
1430,2,2,5,62920,1198.0,74.0,74.0,110.0,5.27
1431,2,2,5,60467,19.0,998.0,998.0,661.0,2.8
1432,2,2,5,65017,19.81,1086.0,1086.0,6805.0,2.25
1433,2,2,5,38015,21.21,1197.0,1197.0,8180.0,5.47
1434,2,2,5,49134,17.71,1197.0,1197.0,789.0,4.42
1435,2,2,5,37100,21.79,998.0,998.0,6705.0,3.1
1436,2,2,5,69977,20.28,998.0,998.0,11841.0,8.69
1437,2,2,5,16937,19.34,1198.0,1198.0,7594.0,3.25
1438,2,1,7,51441,15.1,2179.0,2179.0,15287.0,10.71
1439,2,2,5,53947,21.21,1197.0,1197.0,8180.0,5.62
1440,2,2,5,30000,16.5,1353.0,1353.0,13808.0,13.2
1441,1,2,5,40909,18.6,1197.0,1197.0,8183.0,4.35
1442,2,1,7,70000,18.49,1493.0,1493.0,100.0,5.75
1443,2,2,5,69000,17.5,1197.0,1197.0,858.0,2.25
1444,2,2,5,28662,18.7,1199.0,1199.0,887.0,3.85
1445,2,1,5,46912,14.6,1956.0,1956.0,16767.0,16.25
1446,1,2,5,90000,1984.0,207.0,207.0,300.0,8.0
1447,2,2,5,65000,15.04,1598.0,1598.0,1036.0,2.5
1448,2,1,5,40238,19.27,2143.0,2143.0,170.0,12.5
1449,2,1,5,52000,21.66,1498.0,1498.0,10862.0,4.45
1450,2,2,5,22873,20.3,1086.0,1086.0,6805.0,4.73
1451,2,2,5,77389,19.0,998.0,998.0,661.0,2.27
1452,2,2,5,32000,22.0,1197.0,1197.0,8180.0,5.3
1453,2,1,5,88935,21.66,1498.0,1498.0,10352.0,4.85
1454,2,2,5,53681,19.69,1198.0,1198.0,6704.0,3.04
1455,1,1,7,60000,15.96,2523.0,2523.0,621.0,5.65
1456,2,1,5,49441,21.19,1396.0,1396.0,8873.0,4.89
1457,2,1,7,41000,13.68,2393.0,2393.0,1478.0,16.95
1458,2,2,5,23838,20.65,1462.0,1462.0,10325.0,8.85
1459,2,1,5,26719,16.4,1896.0,1896.0,90.0,7.89
1460,2,1,7,34987,2925.0,3258640000000.0,3258640000000.0,700.0,1.1
1461,2,1,7,27236,18.49,1493.0,1493.0,100.0,6.5
1462,2,1,5,41080,25.1,1498.0,1498.0,986.0,5.9
1463,2,1,5,72793,23.59,1364.0,1364.0,6704.0,4.55
1464,2,2,5,64000,20.36,1197.0,1197.0,789.0,2.35
1465,1,1,5,30000,16.38,1999.0,1999.0,177.0,39.0
1466,2,2,5,32002,20.89,1197.0,1197.0,8180.0,4.41
1467,2,1,5,105000,19.87,1461.0,1461.0,838.0,5.25
1468,1,1,5,30000,22.69,1995.0,1995.0,190.0,16.0
1469,2,2,5,20827,20.52,1197.0,1197.0,8180.0,4.6
1470,1,1,7,37852,16.5,1493.0,1493.0,70.0,6.75
1471,2,1,5,16683,14.6,1956.0,1956.0,16767.0,19.24
1472,2,2,5,53135,1197.0,789.0,789.0,1117.0,1.8
1473,2,2,5,32230,18.9,1197.0,1197.0,8186.0,5.13
1474,2,1,5,11000,20.37,1995.0,1995.0,18774.0,69.5
1475,2,2,5,10400,18.41,999.0,999.0,11398.0,16.35
1476,2,2,5,23748,20.7,1197.0,1197.0,8186.0,6.55
1477,2,2,5,13513,18.3,1199.0,1199.0,8876.0,7.65
1478,1,2,5,12952,17.05,1199.0,1199.0,11835.0,10.99
1479,2,2,5,22672,18.9,1197.0,1197.0,82.0,3.84
1480,2,2,5,23000,18.9,998.0,998.0,671.0,2.9
1481,2,2,5,41048,18.6,1197.0,1197.0,8183.0,5.48
1482,1,1,7,40000,2999.0,17457.0,17457.0,380.0,21.0
1483,2,1,5,10000,20.37,1995.0,1995.0,18774.0,58.75
1484,2,2,5,1800,20.36,1197.0,1197.0,789.0,3.15
1485,2,2,5,34000,16.0,1368.0,1368.0,16077.0,17.5
1486,1,2,5,40000,21.4,1197.0,1197.0,831.0,4.7
1487,3,2,5,30000,18.76,1462.0,1462.0,10326.0,11.4
1488,2,2,5,22700,18.9,1197.0,1197.0,8186.0,5.45
1489,2,2,7,28000,10.54,2998.0,2998.0,33525.0,99.0
1490,1,2,5,79862,1061.0,67.0,67.0,84.0,1.69
1491,2,2,5,29146,13.0,1591.0,1591.0,1213.0,11.35
1492,2,2,5,5500,22.94,1197.0,1197.0,8850.0,9.35
1493,2,2,5,35925,20.36,1197.0,1197.0,789.0,3.14
1494,2,2,5,57999,21.79,998.0,998.0,6705.0,4.59
1495,2,2,5,23000,18.9,998.0,998.0,671.0,2.9
1496,2,2,5,14352,21.4,1197.0,1197.0,831.0,5.87
1497,2,1,5,10000,20.37,1995.0,1995.0,18774.0,58.75
1498,2,0,7,49999,22.8,1373.0,1373.0,809.0,6.34
1499,2,2,5,21194,21.4,1197.0,1197.0,831.0,6.37
1500,2,2,5,1800,20.36,1197.0,1197.0,789.0,3.15
1501,2,0,5,27019,1197.0,6805.0,6805.0,952.0,6.7
1502,1,1,5,80000,1968.0,143.0,143.0,320.0,15.3
1503,2,1,5,24000,24.3,1248.0,1248.0,885.0,9.95
1504,2,2,5,32000,17.0,1497.0,1497.0,1186600.0,2.4
1505,1,2,5,22600,1969.0,190.0,190.0,300.0,37.75
1506,1,2,7,10000,17.2,1969.0,1969.0,29589.0,85.0
1507,2,2,5,34000,16.0,1368.0,1368.0,16077.0,17.5
1508,3,2,5,30000,18.76,1462.0,1462.0,10326.0,11.4
1509,2,2,5,22700,18.9,1197.0,1197.0,8186.0,5.45
1510,2,2,5,9700,1984.0,18774.0,18774.0,320.0,35.49
1511,2,2,5,13519,21.01,1197.0,1197.0,8180.0,6.94
1512,2,2,5,45017,13.0,1591.0,1591.0,1213.0,8.75
1513,2,2,5,78308,22.0,1197.0,1197.0,8180.0,3.57
1514,1,2,5,79852,18.2,1199.0,1199.0,887.0,5.69
1515,2,2,7,28000,10.54,2998.0,2998.0,33525.0,99.0
1516,3,2,5,18049,21.1,814.0,814.0,552.0,3.15
1517,2,2,5,19500,19.87,999.0,999.0,11398.0,16.21
1518,2,1,5,35000,17.01,1968.0,1968.0,188.0,41.99
1519,2,2,5,7643,20.89,1197.0,1197.0,8180.0,6.19
1520,1,2,5,12000,18.6,1197.0,1197.0,8183.0,5.31
1521,2,2,5,22316,18.9,1197.0,1197.0,82.0,4.54
1522,1,2,5,40000,1451.0,141.0,141.0,250.0,16.0
1523,1,2,5,45221,1197.0,789.0,789.0,1117.0,2.35
1524,2,2,5,35000,19.56,1197.0,1197.0,8180.0,8.45
1525,3,2,7,7000,10.54,2998.0,2998.0,33525.0,1.15
1526,1,1,5,40000,17.41,1956.0,1956.0,16768.0,17.0
1527,2,2,5,38671,17.8,1497.0,1497.0,1173.0,6.25
1528,1,2,5,49303,17.0,1197.0,1197.0,805200.0,2.8
1529,2,2,5,65000,17.97,1498.0,1498.0,9961.0,2.95
1530,2,2,5,68000,16.9,1395.0,1395.0,14751.0,24.99
1531,2,2,5,17536,18.27,998.0,998.0,11835.0,9.7
1532,1,2,5,30400,18.7,1199.0,1199.0,887.0,5.35
1533,2,2,5,15071,1451.0,141.0,141.0,250.0,14.28
1534,2,1,5,80100,23.65,1248.0,1248.0,885.0,6.25
1535,2,2,5,10773,18.45,1497.0,1497.0,11318.0,11.85
1536,3,2,5,10957,20.3,1199.0,1199.0,8381.0,7.53
1537,2,2,5,19000,20.09,1199.0,1199.0,8482.0,7.45
1538,1,1,5,87900,22.32,1582.0,1582.0,12632.0,6.5
1539,2,2,5,16100,20.89,1197.0,1197.0,8180.0,6.44
1540,2,1,5,48650,23.59,1364.0,1364.0,6706.0,5.25
1541,2,2,5,29252,14.8,1591.0,1591.0,1213.0,11.05
1542,1,2,5,2300,1197.0,8180.0,8180.0,113.0,5.9
1543,2,2,5,19446,18.2,1199.0,1199.0,887.0,6.5
1544,1,0,7,26500,26.11,1462.0,1462.0,8663.0,11.5
1545,2,1,5,35000,1493.0,11345.0,11345.0,250.0,17.41
1546,1,2,5,10000,999.0,6706.0,6706.0,91.0,3.98
1547,2,2,5,49000,17.5,1199.0,1199.0,887.0,5.85
1548,2,2,5,40000,18.78,999.0,999.0,75.0,4.75
1549,2,2,5,34756,20.85,1197.0,1197.0,8314.0,6.1
